
  .   ____          _            __ _ _
 /\\ / ___'_ __ _ _(_)_ __  __ _ \ \ \ \
( ( )\___ | '_ | '_| | '_ \/ _` | \ \ \ \
 \\/  ___)| |_)| | | | | || (_| |  ) ) ) )
  '  |____| .__|_| |_|_| |_\__, | / / / /
 =========|_|==============|___/=/_/_/_/
 :: Spring Boot ::                (v3.2.4)

2026-07-29T14:56:25.409+05:30  INFO 17648 --- [gym-backend] [           main] com.company.project.GymApplication       : Starting GymApplication using Java 25.0.4 with PID 17648 (C:\Users\Gokul\OneDrive\Desktop\gym\Gym-backend\target\classes started by Gokul in C:\Users\Gokul\OneDrive\Desktop\gym\Gym-backend)
2026-07-29T14:56:25.410+05:30  INFO 17648 --- [gym-backend] [           main] com.company.project.GymApplication       : No active profile set, falling back to 1 default profile: "default"
2026-07-29T14:56:26.096+05:30  INFO 17648 --- [gym-backend] [           main] .s.d.r.c.RepositoryConfigurationDelegate : Bootstrapping Spring Data JPA repositories in DEFAULT mode.
2026-07-29T14:56:26.244+05:30  INFO 17648 --- [gym-backend] [           main] .s.d.r.c.RepositoryConfigurationDelegate : Finished Spring Data repository scanning in 143 ms. Found 76 JPA repository interfaces.
WARNING: A restricted method in java.lang.System has been called
WARNING: java.lang.System::load has been called by org.apache.tomcat.jni.Library in an unnamed module (file:/C:/Users/Gokul/.m2/repository/org/apache/tomcat/embed/tomcat-embed-core/10.1.19/tomcat-embed-core-10.1.19.jar)
WARNING: Use --enable-native-access=ALL-UNNAMED to avoid a warning for callers in this module
WARNING: Restricted methods will be blocked in a future release unless native access is enabled

2026-07-29T14:56:26.843+05:30  INFO 17648 --- [gym-backend] [           main] o.s.b.w.embedded.tomcat.TomcatWebServer  : Tomcat initialized with port 8080 (http)
2026-07-29T14:56:26.853+05:30  INFO 17648 --- [gym-backend] [           main] o.apache.catalina.core.StandardService   : Starting service [Tomcat]
2026-07-29T14:56:26.854+05:30  INFO 17648 --- [gym-backend] [           main] o.apache.catalina.core.StandardEngine    : Starting Servlet engine: [Apache Tomcat/10.1.19]
2026-07-29T14:56:26.902+05:30  INFO 17648 --- [gym-backend] [           main] o.a.c.c.C.[Tomcat].[localhost].[/]       : Initializing Spring embedded WebApplicationContext
2026-07-29T14:56:26.902+05:30  INFO 17648 --- [gym-backend] [           main] w.s.c.ServletWebServerApplicationContext : Root WebApplicationContext: initialization completed in 1448 ms
2026-07-29T14:56:26.989+05:30  INFO 17648 --- [gym-backend] [           main] com.zaxxer.hikari.HikariDataSource       : HikariPool-1 - Starting...
2026-07-29T14:56:27.152+05:30  INFO 17648 --- [gym-backend] [           main] com.zaxxer.hikari.pool.HikariPool        : HikariPool-1 - Added connection org.postgresql.jdbc.PgConnection@4f081b5d
2026-07-29T14:56:27.153+05:30  INFO 17648 --- [gym-backend] [           main] com.zaxxer.hikari.HikariDataSource       : HikariPool-1 - Start completed.
2026-07-29T14:56:27.217+05:30  INFO 17648 --- [gym-backend] [           main] o.f.c.internal.license.VersionPrinter    : Flyway Community Edition 9.22.3 by Redgate
2026-07-29T14:56:27.218+05:30  INFO 17648 --- [gym-backend] [           main] o.f.c.internal.license.VersionPrinter    : See release notes here: https://rd.gt/416ObMi
2026-07-29T14:56:27.218+05:30  INFO 17648 --- [gym-backend] [           main] o.f.c.internal.license.VersionPrinter    : 
2026-07-29T14:56:27.228+05:30  INFO 17648 --- [gym-backend] [           main] org.flywaydb.core.FlywayExecutor         : Database: jdbc:postgresql://localhost:5432/GYMBIOS (PostgreSQL 18.4)
2026-07-29T14:56:27.232+05:30  WARN 17648 --- [gym-backend] [           main] o.f.c.internal.database.base.Database    : Flyway upgrade recommended: PostgreSQL 18.4 is newer than this version of Flyway and support has not been tested. The latest supported version of PostgreSQL is 15.
2026-07-29T14:56:27.260+05:30  INFO 17648 --- [gym-backend] [           main] o.f.core.internal.command.DbValidate     : Successfully validated 5 migrations (execution time 00:00.020s)
2026-07-29T14:56:27.289+05:30  INFO 17648 --- [gym-backend] [           main] o.f.core.internal.command.DbMigrate      : Current version of schema "public": 4
2026-07-29T14:56:27.293+05:30  INFO 17648 --- [gym-backend] [           main] o.f.core.internal.command.DbMigrate      : Schema "public" is up to date. No migration necessary.
2026-07-29T14:56:27.389+05:30  INFO 17648 --- [gym-backend] [           main] o.hibernate.jpa.internal.util.LogHelper  : HHH000204: Processing PersistenceUnitInfo [name: default]
2026-07-29T14:56:27.452+05:30  INFO 17648 --- [gym-backend] [           main] org.hibernate.Version                    : HHH000412: Hibernate ORM core version 6.4.4.Final
2026-07-29T14:56:27.488+05:30  INFO 17648 --- [gym-backend] [           main] o.h.c.internal.RegionFactoryInitiator    : HHH000026: Second-level cache disabled
2026-07-29T14:56:27.765+05:30  INFO 17648 --- [gym-backend] [           main] o.s.o.j.p.SpringPersistenceUnitInfo      : No LoadTimeWeaver setup: ignoring JPA class transformer
2026-07-29T14:56:29.700+05:30  INFO 17648 --- [gym-backend] [           main] o.h.e.t.j.p.i.JtaPlatformInitiator       : HHH000489: No JTA platform available (set 'hibernate.transaction.jta.platform' to enable JTA platform integration)
2026-07-29T14:56:29.997+05:30  INFO 17648 --- [gym-backend] [           main] j.LocalContainerEntityManagerFactoryBean : Initialized JPA EntityManagerFactory for persistence unit 'default'
2026-07-29T14:56:30.428+05:30  INFO 17648 --- [gym-backend] [           main] o.s.d.j.r.query.QueryEnhancerFactory     : Hibernate is in classpath; If applicable, HQL parser will be used.
2026-07-29T14:56:34.078+05:30  WARN 17648 --- [gym-backend] [           main] JpaBaseConfiguration$JpaWebConfiguration : spring.jpa.open-in-view is enabled by default. Therefore, database queries may be performed during view rendering. Explicitly configure spring.jpa.open-in-view to disable this warning
2026-07-29T14:56:34.336+05:30  INFO 17648 --- [gym-backend] [           main] o.s.s.web.DefaultSecurityFilterChain     : Will secure any request with [org.springframework.security.web.session.DisableEncodeUrlFilter@ec3fc03, org.springframework.security.web.context.request.async.WebAsyncManagerIntegrationFilter@7e61ac31, org.springframework.security.web.context.SecurityContextHolderFilter@82cf8fd, org.springframework.security.web.header.HeaderWriterFilter@6f551471, org.springframework.web.filter.CorsFilter@60a8b2fb, org.springframework.security.web.authentication.logout.LogoutFilter@1d5e8447, com.company.project.security.JwtAuthenticationFilter@47e0aeb5, com.company.project.security.DeviceAuthFilter@32be264e, org.springframework.security.web.savedrequest.RequestCacheAwareFilter@247be2e5, org.springframework.security.web.servletapi.SecurityContextHolderAwareRequestFilter@38a84798, org.springframework.security.web.authentication.AnonymousAuthenticationFilter@32b2c9f4, org.springframework.security.web.session.SessionManagementFilter@23b93a55, org.springframework.security.web.access.ExceptionTranslationFilter@2cdb272f, org.springframework.security.web.access.intercept.AuthorizationFilter@3a095b79]
2026-07-29T14:56:34.653+05:30  INFO 17648 --- [gym-backend] [           main] o.s.b.w.embedded.tomcat.TomcatWebServer  : Tomcat started on port 8080 (http) with context path ''
2026-07-29T14:56:34.663+05:30  INFO 17648 --- [gym-backend] [           main] com.company.project.GymApplication       : Started GymApplication in 9.541 seconds (process running for 9.8)
Hibernate: 
    select
        r1_0.id,
        r1_0.created_at,
        r1_0.created_by,
        r1_0.role_name,
        r1_0.updated_at,
        r1_0.updated_by 
    from
        roles r1_0 
    where
        r1_0.role_name=?
Hibernate: 
    select
        mc1_0.id,
        mc1_0.click_rate,
        mc1_0.content,
        mc1_0.cost,
        mc1_0.created_at,
        mc1_0.created_by,
        mc1_0.delivered_count,
        mc1_0.failed_count,
        mc1_0.open_rate,
        mc1_0.personalization,
        mc1_0.recipient_count,
        mc1_0.scheduled_at,
        mc1_0.sent_at,
        mc1_0.status,
        mc1_0.subject,
        mc1_0.template_id,
        mc1_0.type,
        mc1_0.updated_at,
        mc1_0.updated_by 
    from
        message_campaigns mc1_0 
    where
        mc1_0.status=? 
        and mc1_0.scheduled_at<?
Hibernate: 
    select
        r1_0.id,
        r1_0.created_at,
        r1_0.created_by,
        r1_0.role_name,
        r1_0.updated_at,
        r1_0.updated_by 
    from
        roles r1_0 
    where
        r1_0.role_name=?
Hibernate: 
    select
        r1_0.id,
        r1_0.created_at,
        r1_0.created_by,
        r1_0.role_name,
        r1_0.updated_at,
        r1_0.updated_by 
    from
        roles r1_0 
    where
        r1_0.role_name=?
Hibernate: 
    select
        r1_0.id,
        r1_0.created_at,
        r1_0.created_by,
        r1_0.role_name,
        r1_0.updated_at,
        r1_0.updated_by 
    from
        roles r1_0 
    where
        r1_0.role_name=?
Hibernate: 
    select
        r1_0.id,
        r1_0.created_at,
        r1_0.created_by,
        r1_0.role_name,
        r1_0.updated_at,
        r1_0.updated_by 
    from
        roles r1_0 
    where
        r1_0.role_name=?
Hibernate: 
    select
        r1_0.id,
        r1_0.created_at,
        r1_0.created_by,
        r1_0.role_name,
        r1_0.updated_at,
        r1_0.updated_by 
    from
        roles r1_0 
    where
        r1_0.role_name=?
Hibernate: 
    select
        r1_0.id,
        r1_0.created_at,
        r1_0.created_by,
        r1_0.role_name,
        r1_0.updated_at,
        r1_0.updated_by 
    from
        roles r1_0 
    where
        r1_0.role_name=?
Hibernate: 
    select
        u1_0.id 
    from
        users u1_0 
    where
        u1_0.email=? 
    fetch
        first ? rows only
Hibernate: 
    select
        count(*) 
    from
        warehouses w1_0
Hibernate: 
    select
        count(*) 
    from
        product_categories pc1_0
Hibernate: 
    select
        count(*) 
    from
        suppliers s1_0
Hibernate: 
    select
        ah1_0.id,
        ah1_0.branch,
        ah1_0.code,
        ah1_0.cost_center,
        ah1_0.created_at,
        ah1_0.created_by,
        ah1_0.current_balance,
        ah1_0.description,
        ah1_0.is_active,
        ah1_0.level,
        ah1_0.name,
        ah1_0.opening_balance,
        ah1_0.parent_id,
        ah1_0.sub_group,
        ah1_0.type,
        ah1_0.updated_at,
        ah1_0.updated_by 
    from
        account_heads ah1_0 
    where
        ah1_0.code=?
Hibernate: 
    select
        ah1_0.id,
        ah1_0.branch,
        ah1_0.code,
        ah1_0.cost_center,
        ah1_0.created_at,
        ah1_0.created_by,
        ah1_0.current_balance,
        ah1_0.description,
        ah1_0.is_active,
        ah1_0.level,
        ah1_0.name,
        ah1_0.opening_balance,
        ah1_0.parent_id,
        ah1_0.sub_group,
        ah1_0.type,
        ah1_0.updated_at,
        ah1_0.updated_by 
    from
        account_heads ah1_0 
    where
        ah1_0.code=?
Hibernate: 
    select
        ah1_0.id,
        ah1_0.branch,
        ah1_0.code,
        ah1_0.cost_center,
        ah1_0.created_at,
        ah1_0.created_by,
        ah1_0.current_balance,
        ah1_0.description,
        ah1_0.is_active,
        ah1_0.level,
        ah1_0.name,
        ah1_0.opening_balance,
        ah1_0.parent_id,
        ah1_0.sub_group,
        ah1_0.type,
        ah1_0.updated_at,
        ah1_0.updated_by 
    from
        account_heads ah1_0 
    where
        ah1_0.code=?
Hibernate: 
    insert 
    into
        account_heads
        (branch, code, cost_center, created_at, created_by, current_balance, description, is_active, level, name, opening_balance, parent_id, sub_group, type, updated_at, updated_by) 
    values
        (?, ?, ?, ?, ?, ?, ?, ?, ?, ?, ?, ?, ?, ?, ?, ?)
Hibernate: 
    select
        ah1_0.id,
        ah1_0.branch,
        ah1_0.code,
        ah1_0.cost_center,
        ah1_0.created_at,
        ah1_0.created_by,
        ah1_0.current_balance,
        ah1_0.description,
        ah1_0.is_active,
        ah1_0.level,
        ah1_0.name,
        ah1_0.opening_balance,
        ah1_0.parent_id,
        ah1_0.sub_group,
        ah1_0.type,
        ah1_0.updated_at,
        ah1_0.updated_by 
    from
        account_heads ah1_0 
    where
        ah1_0.code=?
Hibernate: 
    insert 
    into
        account_heads
        (branch, code, cost_center, created_at, created_by, current_balance, description, is_active, level, name, opening_balance, parent_id, sub_group, type, updated_at, updated_by) 
    values
        (?, ?, ?, ?, ?, ?, ?, ?, ?, ?, ?, ?, ?, ?, ?, ?)
Hibernate: 
    select
        ah1_0.id,
        ah1_0.branch,
        ah1_0.code,
        ah1_0.cost_center,
        ah1_0.created_at,
        ah1_0.created_by,
        ah1_0.current_balance,
        ah1_0.description,
        ah1_0.is_active,
        ah1_0.level,
        ah1_0.name,
        ah1_0.opening_balance,
        ah1_0.parent_id,
        ah1_0.sub_group,
        ah1_0.type,
        ah1_0.updated_at,
        ah1_0.updated_by 
    from
        account_heads ah1_0 
    where
        ah1_0.code=?
Hibernate: 
    insert 
    into
        account_heads
        (branch, code, cost_center, created_at, created_by, current_balance, description, is_active, level, name, opening_balance, parent_id, sub_group, type, updated_at, updated_by) 
    values
        (?, ?, ?, ?, ?, ?, ?, ?, ?, ?, ?, ?, ?, ?, ?, ?)
Hibernate: 
    select
        ah1_0.id,
        ah1_0.branch,
        ah1_0.code,
        ah1_0.cost_center,
        ah1_0.created_at,
        ah1_0.created_by,
        ah1_0.current_balance,
        ah1_0.description,
        ah1_0.is_active,
        ah1_0.level,
        ah1_0.name,
        ah1_0.opening_balance,
        ah1_0.parent_id,
        ah1_0.sub_group,
        ah1_0.type,
        ah1_0.updated_at,
        ah1_0.updated_by 
    from
        account_heads ah1_0 
    where
        ah1_0.code=?
Hibernate: 
    insert 
    into
        account_heads
        (branch, code, cost_center, created_at, created_by, current_balance, description, is_active, level, name, opening_balance, parent_id, sub_group, type, updated_at, updated_by) 
    values
        (?, ?, ?, ?, ?, ?, ?, ?, ?, ?, ?, ?, ?, ?, ?, ?)
Hibernate: 
    select
        ah1_0.id,
        ah1_0.branch,
        ah1_0.code,
        ah1_0.cost_center,
        ah1_0.created_at,
        ah1_0.created_by,
        ah1_0.current_balance,
        ah1_0.description,
        ah1_0.is_active,
        ah1_0.level,
        ah1_0.name,
        ah1_0.opening_balance,
        ah1_0.parent_id,
        ah1_0.sub_group,
        ah1_0.type,
        ah1_0.updated_at,
        ah1_0.updated_by 
    from
        account_heads ah1_0 
    where
        ah1_0.code=?
Hibernate: 
    select
        ah1_0.id,
        ah1_0.branch,
        ah1_0.code,
        ah1_0.cost_center,
        ah1_0.created_at,
        ah1_0.created_by,
        ah1_0.current_balance,
        ah1_0.description,
        ah1_0.is_active,
        ah1_0.level,
        ah1_0.name,
        ah1_0.opening_balance,
        ah1_0.parent_id,
        ah1_0.sub_group,
        ah1_0.type,
        ah1_0.updated_at,
        ah1_0.updated_by 
    from
        account_heads ah1_0 
    where
        ah1_0.code=?
Hibernate: 
    select
        ah1_0.id,
        ah1_0.branch,
        ah1_0.code,
        ah1_0.cost_center,
        ah1_0.created_at,
        ah1_0.created_by,
        ah1_0.current_balance,
        ah1_0.description,
        ah1_0.is_active,
        ah1_0.level,
        ah1_0.name,
        ah1_0.opening_balance,
        ah1_0.parent_id,
        ah1_0.sub_group,
        ah1_0.type,
        ah1_0.updated_at,
        ah1_0.updated_by 
    from
        account_heads ah1_0 
    where
        ah1_0.code=?
Hibernate: 
    select
        ah1_0.id,
        ah1_0.branch,
        ah1_0.code,
        ah1_0.cost_center,
        ah1_0.created_at,
        ah1_0.created_by,
        ah1_0.current_balance,
        ah1_0.description,
        ah1_0.is_active,
        ah1_0.level,
        ah1_0.name,
        ah1_0.opening_balance,
        ah1_0.parent_id,
        ah1_0.sub_group,
        ah1_0.type,
        ah1_0.updated_at,
        ah1_0.updated_by 
    from
        account_heads ah1_0 
    where
        ah1_0.code=?
Hibernate: 
    insert 
    into
        account_heads
        (branch, code, cost_center, created_at, created_by, current_balance, description, is_active, level, name, opening_balance, parent_id, sub_group, type, updated_at, updated_by) 
    values
        (?, ?, ?, ?, ?, ?, ?, ?, ?, ?, ?, ?, ?, ?, ?, ?)
Hibernate: 
    select
        ah1_0.id,
        ah1_0.branch,
        ah1_0.code,
        ah1_0.cost_center,
        ah1_0.created_at,
        ah1_0.created_by,
        ah1_0.current_balance,
        ah1_0.description,
        ah1_0.is_active,
        ah1_0.level,
        ah1_0.name,
        ah1_0.opening_balance,
        ah1_0.parent_id,
        ah1_0.sub_group,
        ah1_0.type,
        ah1_0.updated_at,
        ah1_0.updated_by 
    from
        account_heads ah1_0 
    where
        ah1_0.code=?
Hibernate: 
    select
        ah1_0.id,
        ah1_0.branch,
        ah1_0.code,
        ah1_0.cost_center,
        ah1_0.created_at,
        ah1_0.created_by,
        ah1_0.current_balance,
        ah1_0.description,
        ah1_0.is_active,
        ah1_0.level,
        ah1_0.name,
        ah1_0.opening_balance,
        ah1_0.parent_id,
        ah1_0.sub_group,
        ah1_0.type,
        ah1_0.updated_at,
        ah1_0.updated_by 
    from
        account_heads ah1_0 
    where
        ah1_0.code=?
Hibernate: 
    select
        ah1_0.id,
        ah1_0.branch,
        ah1_0.code,
        ah1_0.cost_center,
        ah1_0.created_at,
        ah1_0.created_by,
        ah1_0.current_balance,
        ah1_0.description,
        ah1_0.is_active,
        ah1_0.level,
        ah1_0.name,
        ah1_0.opening_balance,
        ah1_0.parent_id,
        ah1_0.sub_group,
        ah1_0.type,
        ah1_0.updated_at,
        ah1_0.updated_by 
    from
        account_heads ah1_0 
    where
        ah1_0.code=?
Hibernate: 
    select
        ah1_0.id,
        ah1_0.branch,
        ah1_0.code,
        ah1_0.cost_center,
        ah1_0.created_at,
        ah1_0.created_by,
        ah1_0.current_balance,
        ah1_0.description,
        ah1_0.is_active,
        ah1_0.level,
        ah1_0.name,
        ah1_0.opening_balance,
        ah1_0.parent_id,
        ah1_0.sub_group,
        ah1_0.type,
        ah1_0.updated_at,
        ah1_0.updated_by 
    from
        account_heads ah1_0 
    where
        ah1_0.code=?
Hibernate: 
    insert 
    into
        account_heads
        (branch, code, cost_center, created_at, created_by, current_balance, description, is_active, level, name, opening_balance, parent_id, sub_group, type, updated_at, updated_by) 
    values
        (?, ?, ?, ?, ?, ?, ?, ?, ?, ?, ?, ?, ?, ?, ?, ?)
Hibernate: 
    select
        ah1_0.id,
        ah1_0.branch,
        ah1_0.code,
        ah1_0.cost_center,
        ah1_0.created_at,
        ah1_0.created_by,
        ah1_0.current_balance,
        ah1_0.description,
        ah1_0.is_active,
        ah1_0.level,
        ah1_0.name,
        ah1_0.opening_balance,
        ah1_0.parent_id,
        ah1_0.sub_group,
        ah1_0.type,
        ah1_0.updated_at,
        ah1_0.updated_by 
    from
        account_heads ah1_0 
    where
        ah1_0.code=?
Hibernate: 
    insert 
    into
        account_heads
        (branch, code, cost_center, created_at, created_by, current_balance, description, is_active, level, name, opening_balance, parent_id, sub_group, type, updated_at, updated_by) 
    values
        (?, ?, ?, ?, ?, ?, ?, ?, ?, ?, ?, ?, ?, ?, ?, ?)
Hibernate: 
    select
        ah1_0.id,
        ah1_0.branch,
        ah1_0.code,
        ah1_0.cost_center,
        ah1_0.created_at,
        ah1_0.created_by,
        ah1_0.current_balance,
        ah1_0.description,
        ah1_0.is_active,
        ah1_0.level,
        ah1_0.name,
        ah1_0.opening_balance,
        ah1_0.parent_id,
        ah1_0.sub_group,
        ah1_0.type,
        ah1_0.updated_at,
        ah1_0.updated_by 
    from
        account_heads ah1_0 
    where
        ah1_0.code=?
Hibernate: 
    select
        ah1_0.id,
        ah1_0.branch,
        ah1_0.code,
        ah1_0.cost_center,
        ah1_0.created_at,
        ah1_0.created_by,
        ah1_0.current_balance,
        ah1_0.description,
        ah1_0.is_active,
        ah1_0.level,
        ah1_0.name,
        ah1_0.opening_balance,
        ah1_0.parent_id,
        ah1_0.sub_group,
        ah1_0.type,
        ah1_0.updated_at,
        ah1_0.updated_by 
    from
        account_heads ah1_0 
    where
        ah1_0.code=?
Hibernate: 
    insert 
    into
        account_heads
        (branch, code, cost_center, created_at, created_by, current_balance, description, is_active, level, name, opening_balance, parent_id, sub_group, type, updated_at, updated_by) 
    values
        (?, ?, ?, ?, ?, ?, ?, ?, ?, ?, ?, ?, ?, ?, ?, ?)
Hibernate: 
    select
        p1_0.id,
        p1_0.barcode,
        p1_0.barcode_template,
        p1_0.brand,
        p1_0.category_id,
        p1_0.cost_price,
        p1_0.created_at,
        p1_0.created_by,
        p1_0.default_unit,
        p1_0.description,
        p1_0.enabled_for_pos,
        p1_0.has_recipe,
        p1_0.has_variants,
        p1_0.image_urls,
        p1_0.is_active,
        p1_0.is_manufactured,
        p1_0.name,
        p1_0.selling_price,
        p1_0.sku,
        p1_0.supplier,
        p1_0.tax_rate,
        p1_0.updated_at,
        p1_0.updated_by 
    from
        products p1_0
Hibernate: 
    select
        w1_0.id,
        w1_0.created_at,
        w1_0.created_by,
        w1_0.is_active,
        w1_0.location,
        w1_0.name,
        w1_0.type,
        w1_0.updated_at,
        w1_0.updated_by 
    from
        warehouses w1_0 
    where
        w1_0.is_active
Hibernate: 
    select
        sb1_0.id,
        sb1_0.amount_paid,
        sb1_0.bill_date,
        sb1_0.bill_number,
        sb1_0.created_at,
        sb1_0.created_by,
        sb1_0.discount_amount,
        sb1_0.due_date,
        sb1_0.invoice_number,
        sb1_0.notes,
        sb1_0.payment_breakdown,
        sb1_0.payment_method,
        sb1_0.payment_status,
        sb1_0.priority,
        sb1_0.received_by,
        sb1_0.shipping_cost,
        sb1_0.status,
        sb1_0.subtotal,
        sb1_0.supplier_id,
        sb1_0.supplier_name,
        sb1_0.tax_amount,
        sb1_0.total_amount,
        sb1_0.updated_at,
        sb1_0.updated_by,
        sb1_0.warehouse_id 
    from
        supplier_bills sb1_0
Hibernate: 
    select
        tc1_0.id,
        tc1_0.created_at,
        tc1_0.created_by,
        tc1_0.document_url,
        tc1_0.due_date,
        tc1_0.filed_date,
        tc1_0.filing_amount,
        tc1_0.filing_reference,
        tc1_0.notes,
        tc1_0.status,
        tc1_0.tax_period,
        tc1_0.tax_type,
        tc1_0.updated_at,
        tc1_0.updated_by 
    from
        tax_compliance tc1_0 
    where
        tc1_0.status=? 
    order by
        tc1_0.due_date desc
2026-07-29T14:56:47.977+05:30  INFO 17648 --- [gym-backend] [nio-8080-exec-1] o.a.c.c.C.[Tomcat].[localhost].[/]       : Initializing Spring DispatcherServlet 'dispatcherServlet'
2026-07-29T14:56:47.977+05:30  INFO 17648 --- [gym-backend] [nio-8080-exec-1] o.s.web.servlet.DispatcherServlet        : Initializing Servlet 'dispatcherServlet'
2026-07-29T14:56:47.979+05:30  INFO 17648 --- [gym-backend] [nio-8080-exec-1] o.s.web.servlet.DispatcherServlet        : Completed initialization in 2 ms
Hibernate: 
    select
        u1_0.id,
        u1_0.created_at,
        u1_0.created_by,
        u1_0.email,
        u1_0.enabled,
        u1_0.password_hash,
        u1_0.updated_at,
        u1_0.updated_by,
        u1_0.username 
    from
        users u1_0 
    where
        u1_0.username=? 
        or u1_0.email=?
Hibernate: 
    select
        ur1_0.user_id,
        ur1_0.id,
        ur1_0.created_at,
        ur1_0.created_by,
        ur1_0.role_id,
        r1_0.id,
        r1_0.created_at,
        r1_0.created_by,
        r1_0.role_name,
        r1_0.updated_at,
        r1_0.updated_by,
        ur1_0.updated_at,
        ur1_0.updated_by 
    from
        user_roles ur1_0 
    left join
        roles r1_0 
            on r1_0.id=ur1_0.role_id 
    where
        ur1_0.user_id=?
Hibernate: 
    select
        u1_0.id,
        u1_0.created_at,
        u1_0.created_by,
        u1_0.email,
        u1_0.enabled,
        u1_0.password_hash,
        u1_0.updated_at,
        u1_0.updated_by,
        u1_0.username 
    from
        users u1_0 
    where
        u1_0.username=? 
        or u1_0.email=?
Hibernate: 
    select
        ur1_0.user_id,
        ur1_0.id,
        ur1_0.created_at,
        ur1_0.created_by,
        ur1_0.role_id,
        r1_0.id,
        r1_0.created_at,
        r1_0.created_by,
        r1_0.role_name,
        r1_0.updated_at,
        r1_0.updated_by,
        ur1_0.updated_at,
        ur1_0.updated_by 
    from
        user_roles ur1_0 
    left join
        roles r1_0 
            on r1_0.id=ur1_0.role_id 
    where
        ur1_0.user_id=?
2026-07-29T14:56:48.388+05:30 ERROR 17648 --- [gym-backend] [nio-8080-exec-2] c.c.p.exceptions.GlobalExceptionHandler  : Unhandled exception

org.springframework.web.servlet.resource.NoResourceFoundException: No static resource api/ledgers/accounts.
	at org.springframework.web.servlet.resource.ResourceHttpRequestHandler.handleRequest(ResourceHttpRequestHandler.java:585) ~[spring-webmvc-6.1.5.jar:6.1.5]
	at org.springframework.web.servlet.mvc.HttpRequestHandlerAdapter.handle(HttpRequestHandlerAdapter.java:52) ~[spring-webmvc-6.1.5.jar:6.1.5]
	at org.springframework.web.servlet.DispatcherServlet.doDispatch(DispatcherServlet.java:1089) ~[spring-webmvc-6.1.5.jar:6.1.5]
	at org.springframework.web.servlet.DispatcherServlet.doService(DispatcherServlet.java:979) ~[spring-webmvc-6.1.5.jar:6.1.5]
	at org.springframework.web.servlet.FrameworkServlet.processRequest(FrameworkServlet.java:1014) ~[spring-webmvc-6.1.5.jar:6.1.5]
	at org.springframework.web.servlet.FrameworkServlet.doGet(FrameworkServlet.java:903) ~[spring-webmvc-6.1.5.jar:6.1.5]
	at jakarta.servlet.http.HttpServlet.service(HttpServlet.java:564) ~[tomcat-embed-core-10.1.19.jar:6.0]
	at org.springframework.web.servlet.FrameworkServlet.service(FrameworkServlet.java:885) ~[spring-webmvc-6.1.5.jar:6.1.5]
	at jakarta.servlet.http.HttpServlet.service(HttpServlet.java:658) ~[tomcat-embed-core-10.1.19.jar:6.0]
	at org.apache.catalina.core.ApplicationFilterChain.internalDoFilter(ApplicationFilterChain.java:205) ~[tomcat-embed-core-10.1.19.jar:10.1.19]
	at org.apache.catalina.core.ApplicationFilterChain.doFilter(ApplicationFilterChain.java:149) ~[tomcat-embed-core-10.1.19.jar:10.1.19]
	at org.apache.tomcat.websocket.server.WsFilter.doFilter(WsFilter.java:51) ~[tomcat-embed-websocket-10.1.19.jar:10.1.19]
	at org.apache.catalina.core.ApplicationFilterChain.internalDoFilter(ApplicationFilterChain.java:174) ~[tomcat-embed-core-10.1.19.jar:10.1.19]
	at org.apache.catalina.core.ApplicationFilterChain.doFilter(ApplicationFilterChain.java:149) ~[tomcat-embed-core-10.1.19.jar:10.1.19]
	at org.springframework.web.filter.OncePerRequestFilter.doFilter(OncePerRequestFilter.java:110) ~[spring-web-6.1.5.jar:6.1.5]
	at org.apache.catalina.core.ApplicationFilterChain.internalDoFilter(ApplicationFilterChain.java:174) ~[tomcat-embed-core-10.1.19.jar:10.1.19]
	at org.apache.catalina.core.ApplicationFilterChain.doFilter(ApplicationFilterChain.java:149) ~[tomcat-embed-core-10.1.19.jar:10.1.19]
	at org.springframework.web.filter.OncePerRequestFilter.doFilter(OncePerRequestFilter.java:110) ~[spring-web-6.1.5.jar:6.1.5]
	at org.apache.catalina.core.ApplicationFilterChain.internalDoFilter(ApplicationFilterChain.java:174) ~[tomcat-embed-core-10.1.19.jar:10.1.19]
	at org.apache.catalina.core.ApplicationFilterChain.doFilter(ApplicationFilterChain.java:149) ~[tomcat-embed-core-10.1.19.jar:10.1.19]
	at org.springframework.web.filter.CompositeFilter$VirtualFilterChain.doFilter(CompositeFilter.java:108) ~[spring-web-6.1.5.jar:6.1.5]
	at org.springframework.security.web.FilterChainProxy.lambda$doFilterInternal$3(FilterChainProxy.java:231) ~[spring-security-web-6.2.3.jar:6.2.3]
	at org.springframework.security.web.FilterChainProxy$VirtualFilterChain.doFilter(FilterChainProxy.java:365) ~[spring-security-web-6.2.3.jar:6.2.3]
	at org.springframework.security.web.access.intercept.AuthorizationFilter.doFilter(AuthorizationFilter.java:100) ~[spring-security-web-6.2.3.jar:6.2.3]
	at org.springframework.security.web.FilterChainProxy$VirtualFilterChain.doFilter(FilterChainProxy.java:374) ~[spring-security-web-6.2.3.jar:6.2.3]
	at org.springframework.security.web.access.ExceptionTranslationFilter.doFilter(ExceptionTranslationFilter.java:126) ~[spring-security-web-6.2.3.jar:6.2.3]
	at org.springframework.security.web.access.ExceptionTranslationFilter.doFilter(ExceptionTranslationFilter.java:120) ~[spring-security-web-6.2.3.jar:6.2.3]
	at org.springframework.security.web.FilterChainProxy$VirtualFilterChain.doFilter(FilterChainProxy.java:374) ~[spring-security-web-6.2.3.jar:6.2.3]
	at org.springframework.security.web.session.SessionManagementFilter.doFilter(SessionManagementFilter.java:131) ~[spring-security-web-6.2.3.jar:6.2.3]
	at org.springframework.security.web.session.SessionManagementFilter.doFilter(SessionManagementFilter.java:85) ~[spring-security-web-6.2.3.jar:6.2.3]
	at org.springframework.security.web.FilterChainProxy$VirtualFilterChain.doFilter(FilterChainProxy.java:374) ~[spring-security-web-6.2.3.jar:6.2.3]
	at org.springframework.security.web.authentication.AnonymousAuthenticationFilter.doFilter(AnonymousAuthenticationFilter.java:100) ~[spring-security-web-6.2.3.jar:6.2.3]
	at org.springframework.security.web.FilterChainProxy$VirtualFilterChain.doFilter(FilterChainProxy.java:374) ~[spring-security-web-6.2.3.jar:6.2.3]
	at org.springframework.security.web.servletapi.SecurityContextHolderAwareRequestFilter.doFilter(SecurityContextHolderAwareRequestFilter.java:179) ~[spring-security-web-6.2.3.jar:6.2.3]
	at org.springframework.security.web.FilterChainProxy$VirtualFilterChain.doFilter(FilterChainProxy.java:374) ~[spring-security-web-6.2.3.jar:6.2.3]
	at org.springframework.security.web.savedrequest.RequestCacheAwareFilter.doFilter(RequestCacheAwareFilter.java:63) ~[spring-security-web-6.2.3.jar:6.2.3]
	at org.springframework.security.web.FilterChainProxy$VirtualFilterChain.doFilter(FilterChainProxy.java:374) ~[spring-security-web-6.2.3.jar:6.2.3]
	at com.company.project.security.DeviceAuthFilter.doFilterInternal(DeviceAuthFilter.java:63) ~[classes/:na]
	at org.springframework.web.filter.OncePerRequestFilter.doFilter(OncePerRequestFilter.java:116) ~[spring-web-6.1.5.jar:6.1.5]
	at org.springframework.security.web.FilterChainProxy$VirtualFilterChain.doFilter(FilterChainProxy.java:374) ~[spring-security-web-6.2.3.jar:6.2.3]
	at com.company.project.security.JwtAuthenticationFilter.doFilterInternal(JwtAuthenticationFilter.java:68) ~[classes/:na]
	at org.springframework.web.filter.OncePerRequestFilter.doFilter(OncePerRequestFilter.java:116) ~[spring-web-6.1.5.jar:6.1.5]
	at org.springframework.security.web.FilterChainProxy$VirtualFilterChain.doFilter(FilterChainProxy.java:374) ~[spring-security-web-6.2.3.jar:6.2.3]
	at org.springframework.security.web.authentication.logout.LogoutFilter.doFilter(LogoutFilter.java:107) ~[spring-security-web-6.2.3.jar:6.2.3]
	at org.springframework.security.web.authentication.logout.LogoutFilter.doFilter(LogoutFilter.java:93) ~[spring-security-web-6.2.3.jar:6.2.3]
	at org.springframework.security.web.FilterChainProxy$VirtualFilterChain.doFilter(FilterChainProxy.java:374) ~[spring-security-web-6.2.3.jar:6.2.3]
	at org.springframework.web.filter.CorsFilter.doFilterInternal(CorsFilter.java:91) ~[spring-web-6.1.5.jar:6.1.5]
	at org.springframework.web.filter.OncePerRequestFilter.doFilter(OncePerRequestFilter.java:116) ~[spring-web-6.1.5.jar:6.1.5]
	at org.springframework.security.web.FilterChainProxy$VirtualFilterChain.doFilter(FilterChainProxy.java:374) ~[spring-security-web-6.2.3.jar:6.2.3]
	at org.springframework.security.web.header.HeaderWriterFilter.doHeadersAfter(HeaderWriterFilter.java:90) ~[spring-security-web-6.2.3.jar:6.2.3]
	at org.springframework.security.web.header.HeaderWriterFilter.doFilterInternal(HeaderWriterFilter.java:75) ~[spring-security-web-6.2.3.jar:6.2.3]
	at org.springframework.web.filter.OncePerRequestFilter.doFilter(OncePerRequestFilter.java:116) ~[spring-web-6.1.5.jar:6.1.5]
	at org.springframework.security.web.FilterChainProxy$VirtualFilterChain.doFilter(FilterChainProxy.java:374) ~[spring-security-web-6.2.3.jar:6.2.3]
	at org.springframework.security.web.context.SecurityContextHolderFilter.doFilter(SecurityContextHolderFilter.java:82) ~[spring-security-web-6.2.3.jar:6.2.3]
	at org.springframework.security.web.context.SecurityContextHolderFilter.doFilter(SecurityContextHolderFilter.java:69) ~[spring-security-web-6.2.3.jar:6.2.3]
	at org.springframework.security.web.FilterChainProxy$VirtualFilterChain.doFilter(FilterChainProxy.java:374) ~[spring-security-web-6.2.3.jar:6.2.3]
	at org.springframework.security.web.context.request.async.WebAsyncManagerIntegrationFilter.doFilterInternal(WebAsyncManagerIntegrationFilter.java:62) ~[spring-security-web-6.2.3.jar:6.2.3]
	at org.springframework.web.filter.OncePerRequestFilter.doFilter(OncePerRequestFilter.java:116) ~[spring-web-6.1.5.jar:6.1.5]
	at org.springframework.security.web.FilterChainProxy$VirtualFilterChain.doFilter(FilterChainProxy.java:374) ~[spring-security-web-6.2.3.jar:6.2.3]
	at org.springframework.security.web.session.DisableEncodeUrlFilter.doFilterInternal(DisableEncodeUrlFilter.java:42) ~[spring-security-web-6.2.3.jar:6.2.3]
	at org.springframework.web.filter.OncePerRequestFilter.doFilter(OncePerRequestFilter.java:116) ~[spring-web-6.1.5.jar:6.1.5]
	at org.springframework.security.web.FilterChainProxy$VirtualFilterChain.doFilter(FilterChainProxy.java:374) ~[spring-security-web-6.2.3.jar:6.2.3]
	at org.springframework.security.web.FilterChainProxy.doFilterInternal(FilterChainProxy.java:233) ~[spring-security-web-6.2.3.jar:6.2.3]
	at org.springframework.security.web.FilterChainProxy.doFilter(FilterChainProxy.java:191) ~[spring-security-web-6.2.3.jar:6.2.3]
	at org.springframework.web.filter.CompositeFilter$VirtualFilterChain.doFilter(CompositeFilter.java:113) ~[spring-web-6.1.5.jar:6.1.5]
	at org.springframework.web.servlet.handler.HandlerMappingIntrospector.lambda$createCacheFilter$3(HandlerMappingIntrospector.java:195) ~[spring-webmvc-6.1.5.jar:6.1.5]
	at org.springframework.web.filter.CompositeFilter$VirtualFilterChain.doFilter(CompositeFilter.java:113) ~[spring-web-6.1.5.jar:6.1.5]
	at org.springframework.web.filter.CompositeFilter.doFilter(CompositeFilter.java:74) ~[spring-web-6.1.5.jar:6.1.5]
	at org.springframework.security.config.annotation.web.configuration.WebMvcSecurityConfiguration$CompositeFilterChainProxy.doFilter(WebMvcSecurityConfiguration.java:230) ~[spring-security-config-6.2.3.jar:6.2.3]
	at org.springframework.web.filter.DelegatingFilterProxy.invokeDelegate(DelegatingFilterProxy.java:352) ~[spring-web-6.1.5.jar:6.1.5]
	at org.springframework.web.filter.DelegatingFilterProxy.doFilter(DelegatingFilterProxy.java:268) ~[spring-web-6.1.5.jar:6.1.5]
	at org.apache.catalina.core.ApplicationFilterChain.internalDoFilter(ApplicationFilterChain.java:174) ~[tomcat-embed-core-10.1.19.jar:10.1.19]
	at org.apache.catalina.core.ApplicationFilterChain.doFilter(ApplicationFilterChain.java:149) ~[tomcat-embed-core-10.1.19.jar:10.1.19]
	at org.springframework.web.filter.RequestContextFilter.doFilterInternal(RequestContextFilter.java:100) ~[spring-web-6.1.5.jar:6.1.5]
	at org.springframework.web.filter.OncePerRequestFilter.doFilter(OncePerRequestFilter.java:116) ~[spring-web-6.1.5.jar:6.1.5]
	at org.apache.catalina.core.ApplicationFilterChain.internalDoFilter(ApplicationFilterChain.java:174) ~[tomcat-embed-core-10.1.19.jar:10.1.19]
	at org.apache.catalina.core.ApplicationFilterChain.doFilter(ApplicationFilterChain.java:149) ~[tomcat-embed-core-10.1.19.jar:10.1.19]
	at org.springframework.web.filter.FormContentFilter.doFilterInternal(FormContentFilter.java:93) ~[spring-web-6.1.5.jar:6.1.5]
	at org.springframework.web.filter.OncePerRequestFilter.doFilter(OncePerRequestFilter.java:116) ~[spring-web-6.1.5.jar:6.1.5]
	at org.apache.catalina.core.ApplicationFilterChain.internalDoFilter(ApplicationFilterChain.java:174) ~[tomcat-embed-core-10.1.19.jar:10.1.19]
	at org.apache.catalina.core.ApplicationFilterChain.doFilter(ApplicationFilterChain.java:149) ~[tomcat-embed-core-10.1.19.jar:10.1.19]
	at org.springframework.web.filter.CharacterEncodingFilter.doFilterInternal(CharacterEncodingFilter.java:201) ~[spring-web-6.1.5.jar:6.1.5]
	at org.springframework.web.filter.OncePerRequestFilter.doFilter(OncePerRequestFilter.java:116) ~[spring-web-6.1.5.jar:6.1.5]
	at org.apache.catalina.core.ApplicationFilterChain.internalDoFilter(ApplicationFilterChain.java:174) ~[tomcat-embed-core-10.1.19.jar:10.1.19]
	at org.apache.catalina.core.ApplicationFilterChain.doFilter(ApplicationFilterChain.java:149) ~[tomcat-embed-core-10.1.19.jar:10.1.19]
	at org.apache.catalina.core.StandardWrapperValve.invoke(StandardWrapperValve.java:167) ~[tomcat-embed-core-10.1.19.jar:10.1.19]
	at org.apache.catalina.core.StandardContextValve.invoke(StandardContextValve.java:90) ~[tomcat-embed-core-10.1.19.jar:10.1.19]
	at org.apache.catalina.authenticator.AuthenticatorBase.invoke(AuthenticatorBase.java:482) ~[tomcat-embed-core-10.1.19.jar:10.1.19]
	at org.apache.catalina.core.StandardHostValve.invoke(StandardHostValve.java:115) ~[tomcat-embed-core-10.1.19.jar:10.1.19]
	at org.apache.catalina.valves.ErrorReportValve.invoke(ErrorReportValve.java:93) ~[tomcat-embed-core-10.1.19.jar:10.1.19]
	at org.apache.catalina.core.StandardEngineValve.invoke(StandardEngineValve.java:74) ~[tomcat-embed-core-10.1.19.jar:10.1.19]
	at org.apache.catalina.connector.CoyoteAdapter.service(CoyoteAdapter.java:344) ~[tomcat-embed-core-10.1.19.jar:10.1.19]
	at org.apache.coyote.http11.Http11Processor.service(Http11Processor.java:391) ~[tomcat-embed-core-10.1.19.jar:10.1.19]
	at org.apache.coyote.AbstractProcessorLight.process(AbstractProcessorLight.java:63) ~[tomcat-embed-core-10.1.19.jar:10.1.19]
	at org.apache.coyote.AbstractProtocol$ConnectionHandler.process(AbstractProtocol.java:896) ~[tomcat-embed-core-10.1.19.jar:10.1.19]
	at org.apache.tomcat.util.net.NioEndpoint$SocketProcessor.doRun(NioEndpoint.java:1744) ~[tomcat-embed-core-10.1.19.jar:10.1.19]
	at org.apache.tomcat.util.net.SocketProcessorBase.run(SocketProcessorBase.java:52) ~[tomcat-embed-core-10.1.19.jar:10.1.19]
	at org.apache.tomcat.util.threads.ThreadPoolExecutor.runWorker(ThreadPoolExecutor.java:1191) ~[tomcat-embed-core-10.1.19.jar:10.1.19]
	at org.apache.tomcat.util.threads.ThreadPoolExecutor$Worker.run(ThreadPoolExecutor.java:659) ~[tomcat-embed-core-10.1.19.jar:10.1.19]
	at org.apache.tomcat.util.threads.TaskThread$WrappingRunnable.run(TaskThread.java:63) ~[tomcat-embed-core-10.1.19.jar:10.1.19]
	at java.base/java.lang.Thread.run(Thread.java:1474) ~[na:na]

Hibernate: 
    select
        u1_0.id,
        u1_0.created_at,
        u1_0.created_by,
        u1_0.email,
        u1_0.enabled,
        u1_0.password_hash,
        u1_0.updated_at,
        u1_0.updated_by,
        u1_0.username 
    from
        users u1_0 
    where
        u1_0.username=? 
        or u1_0.email=?
Hibernate: 
    select
        ur1_0.user_id,
        ur1_0.id,
        ur1_0.created_at,
        ur1_0.created_by,
        ur1_0.role_id,
        r1_0.id,
        r1_0.created_at,
        r1_0.created_by,
        r1_0.role_name,
        r1_0.updated_at,
        r1_0.updated_by,
        ur1_0.updated_at,
        ur1_0.updated_by 
    from
        user_roles ur1_0 
    left join
        roles r1_0 
            on r1_0.id=ur1_0.role_id 
    where
        ur1_0.user_id=?
Hibernate: 
    select
        u1_0.id,
        u1_0.created_at,
        u1_0.created_by,
        u1_0.email,
        u1_0.enabled,
        u1_0.password_hash,
        u1_0.updated_at,
        u1_0.updated_by,
        u1_0.username 
    from
        users u1_0 
    where
        u1_0.username=? 
        or u1_0.email=?
Hibernate: 
    select
        ur1_0.user_id,
        ur1_0.id,
        ur1_0.created_at,
        ur1_0.created_by,
        ur1_0.role_id,
        r1_0.id,
        r1_0.created_at,
        r1_0.created_by,
        r1_0.role_name,
        r1_0.updated_at,
        r1_0.updated_by,
        ur1_0.updated_at,
        ur1_0.updated_by 
    from
        user_roles ur1_0 
    left join
        roles r1_0 
            on r1_0.id=ur1_0.role_id 
    where
        ur1_0.user_id=?
Hibernate: 
    select
        ah1_0.id,
        ah1_0.branch,
        ah1_0.code,
        ah1_0.cost_center,
        ah1_0.created_at,
        ah1_0.created_by,
        ah1_0.current_balance,
        ah1_0.description,
        ah1_0.is_active,
        ah1_0.level,
        ah1_0.name,
        ah1_0.opening_balance,
        ah1_0.parent_id,
        ah1_0.sub_group,
        ah1_0.type,
        ah1_0.updated_at,
        ah1_0.updated_by 
    from
        account_heads ah1_0 
    order by
        ah1_0.code
Hibernate: 
    select
        u1_0.id,
        u1_0.created_at,
        u1_0.created_by,
        u1_0.email,
        u1_0.enabled,
        u1_0.password_hash,
        u1_0.updated_at,
        u1_0.updated_by,
        u1_0.username 
    from
        users u1_0 
    where
        u1_0.username=? 
        or u1_0.email=?
Hibernate: 
    select
        ur1_0.user_id,
        ur1_0.id,
        ur1_0.created_at,
        ur1_0.created_by,
        ur1_0.role_id,
        r1_0.id,
        r1_0.created_at,
        r1_0.created_by,
        r1_0.role_name,
        r1_0.updated_at,
        r1_0.updated_by,
        ur1_0.updated_at,
        ur1_0.updated_by 
    from
        user_roles ur1_0 
    left join
        roles r1_0 
            on r1_0.id=ur1_0.role_id 
    where
        ur1_0.user_id=?
Hibernate: 
    select
        count(n1_0.id) 
    from
        notifications n1_0 
    where
        n1_0.company_id=? 
        and n1_0.is_deleted=false 
        and n1_0.is_read=false 
        and (
            n1_0.target_user_id=? 
            or (
                n1_0.target_role in (?) 
                and n1_0.target_user_id is null
            )
        )
Hibernate: 
    select
        u1_0.id,
        u1_0.created_at,
        u1_0.created_by,
        u1_0.email,
        u1_0.enabled,
        u1_0.password_hash,
        u1_0.updated_at,
        u1_0.updated_by,
        u1_0.username 
    from
        users u1_0 
    where
        u1_0.username=? 
        or u1_0.email=?
Hibernate: 
    select
        ur1_0.user_id,
        ur1_0.id,
        ur1_0.created_at,
        ur1_0.created_by,
        ur1_0.role_id,
        r1_0.id,
        r1_0.created_at,
        r1_0.created_by,
        r1_0.role_name,
        r1_0.updated_at,
        r1_0.updated_by,
        ur1_0.updated_at,
        ur1_0.updated_by 
    from
        user_roles ur1_0 
    left join
        roles r1_0 
            on r1_0.id=ur1_0.role_id 
    where
        ur1_0.user_id=?
Hibernate: 
    select
        count(n1_0.id) 
    from
        notifications n1_0 
    where
        n1_0.company_id=? 
        and n1_0.is_deleted=false 
        and n1_0.is_read=false 
        and (
            n1_0.target_user_id=? 
            or (
                n1_0.target_role in (?) 
                and n1_0.target_user_id is null
            )
        )
Hibernate: 
    select
        mc1_0.id,
        mc1_0.click_rate,
        mc1_0.content,
        mc1_0.cost,
        mc1_0.created_at,
        mc1_0.created_by,
        mc1_0.delivered_count,
        mc1_0.failed_count,
        mc1_0.open_rate,
        mc1_0.personalization,
        mc1_0.recipient_count,
        mc1_0.scheduled_at,
        mc1_0.sent_at,
        mc1_0.status,
        mc1_0.subject,
        mc1_0.template_id,
        mc1_0.type,
        mc1_0.updated_at,
        mc1_0.updated_by 
    from
        message_campaigns mc1_0 
    where
        mc1_0.status=? 
        and mc1_0.scheduled_at<?
Hibernate: 
    select
        u1_0.id,
        u1_0.created_at,
        u1_0.created_by,
        u1_0.email,
        u1_0.enabled,
        u1_0.password_hash,
        u1_0.updated_at,
        u1_0.updated_by,
        u1_0.username 
    from
        users u1_0 
    where
        u1_0.username=? 
        or u1_0.email=?
Hibernate: 
    select
        ur1_0.user_id,
        ur1_0.id,
        ur1_0.created_at,
        ur1_0.created_by,
        ur1_0.role_id,
        r1_0.id,
        r1_0.created_at,
        r1_0.created_by,
        r1_0.role_name,
        r1_0.updated_at,
        r1_0.updated_by,
        ur1_0.updated_at,
        ur1_0.updated_by 
    from
        user_roles ur1_0 
    left join
        roles r1_0 
            on r1_0.id=ur1_0.role_id 
    where
        ur1_0.user_id=?
Hibernate: 
    select
        count(n1_0.id) 
    from
        notifications n1_0 
    where
        n1_0.company_id=? 
        and n1_0.is_deleted=false 
        and n1_0.is_read=false 
        and (
            n1_0.target_user_id=? 
            or (
                n1_0.target_role in (?) 
                and n1_0.target_user_id is null
            )
        )
Hibernate: 
    select
        u1_0.id,
        u1_0.created_at,
        u1_0.created_by,
        u1_0.email,
        u1_0.enabled,
        u1_0.password_hash,
        u1_0.updated_at,
        u1_0.updated_by,
        u1_0.username 
    from
        users u1_0 
    where
        u1_0.username=? 
        or u1_0.email=?
Hibernate: 
    select
        ur1_0.user_id,
        ur1_0.id,
        ur1_0.created_at,
        ur1_0.created_by,
        ur1_0.role_id,
        r1_0.id,
        r1_0.created_at,
        r1_0.created_by,
        r1_0.role_name,
        r1_0.updated_at,
        r1_0.updated_by,
        ur1_0.updated_at,
        ur1_0.updated_by 
    from
        user_roles ur1_0 
    left join
        roles r1_0 
            on r1_0.id=ur1_0.role_id 
    where
        ur1_0.user_id=?
Hibernate: 
    select
        count(n1_0.id) 
    from
        notifications n1_0 
    where
        n1_0.company_id=? 
        and n1_0.is_deleted=false 
        and n1_0.is_read=false 
        and (
            n1_0.target_user_id=? 
            or (
                n1_0.target_role in (?) 
                and n1_0.target_user_id is null
            )
        )
Hibernate: 
    select
        mc1_0.id,
        mc1_0.click_rate,
        mc1_0.content,
        mc1_0.cost,
        mc1_0.created_at,
        mc1_0.created_by,
        mc1_0.delivered_count,
        mc1_0.failed_count,
        mc1_0.open_rate,
        mc1_0.personalization,
        mc1_0.recipient_count,
        mc1_0.scheduled_at,
        mc1_0.sent_at,
        mc1_0.status,
        mc1_0.subject,
        mc1_0.template_id,
        mc1_0.type,
        mc1_0.updated_at,
        mc1_0.updated_by 
    from
        message_campaigns mc1_0 
    where
        mc1_0.status=? 
        and mc1_0.scheduled_at<?
Hibernate: 
    select
        u1_0.id,
        u1_0.created_at,
        u1_0.created_by,
        u1_0.email,
        u1_0.enabled,
        u1_0.password_hash,
        u1_0.updated_at,
        u1_0.updated_by,
        u1_0.username 
    from
        users u1_0 
    where
        u1_0.username=? 
        or u1_0.email=?
Hibernate: 
    select
        ur1_0.user_id,
        ur1_0.id,
        ur1_0.created_at,
        ur1_0.created_by,
        ur1_0.role_id,
        r1_0.id,
        r1_0.created_at,
        r1_0.created_by,
        r1_0.role_name,
        r1_0.updated_at,
        r1_0.updated_by,
        ur1_0.updated_at,
        ur1_0.updated_by 
    from
        user_roles ur1_0 
    left join
        roles r1_0 
            on r1_0.id=ur1_0.role_id 
    where
        ur1_0.user_id=?
Hibernate: 
    select
        count(n1_0.id) 
    from
        notifications n1_0 
    where
        n1_0.company_id=? 
        and n1_0.is_deleted=false 
        and n1_0.is_read=false 
        and (
            n1_0.target_user_id=? 
            or (
                n1_0.target_role in (?) 
                and n1_0.target_user_id is null
            )
        )
Hibernate: 
    select
        u1_0.id,
        u1_0.created_at,
        u1_0.created_by,
        u1_0.email,
        u1_0.enabled,
        u1_0.password_hash,
        u1_0.updated_at,
        u1_0.updated_by,
        u1_0.username 
    from
        users u1_0 
    where
        u1_0.username=? 
        or u1_0.email=?
Hibernate: 
    select
        ur1_0.user_id,
        ur1_0.id,
        ur1_0.created_at,
        ur1_0.created_by,
        ur1_0.role_id,
        r1_0.id,
        r1_0.created_at,
        r1_0.created_by,
        r1_0.role_name,
        r1_0.updated_at,
        r1_0.updated_by,
        ur1_0.updated_at,
        ur1_0.updated_by 
    from
        user_roles ur1_0 
    left join
        roles r1_0 
            on r1_0.id=ur1_0.role_id 
    where
        ur1_0.user_id=?
Hibernate: 
    select
        count(n1_0.id) 
    from
        notifications n1_0 
    where
        n1_0.company_id=? 
        and n1_0.is_deleted=false 
        and n1_0.is_read=false 
        and (
            n1_0.target_user_id=? 
            or (
                n1_0.target_role in (?) 
                and n1_0.target_user_id is null
            )
        )
Hibernate: 
    select
        mc1_0.id,
        mc1_0.click_rate,
        mc1_0.content,
        mc1_0.cost,
        mc1_0.created_at,
        mc1_0.created_by,
        mc1_0.delivered_count,
        mc1_0.failed_count,
        mc1_0.open_rate,
        mc1_0.personalization,
        mc1_0.recipient_count,
        mc1_0.scheduled_at,
        mc1_0.sent_at,
        mc1_0.status,
        mc1_0.subject,
        mc1_0.template_id,
        mc1_0.type,
        mc1_0.updated_at,
        mc1_0.updated_by 
    from
        message_campaigns mc1_0 
    where
        mc1_0.status=? 
        and mc1_0.scheduled_at<?
Hibernate: 
    select
        u1_0.id,
        u1_0.created_at,
        u1_0.created_by,
        u1_0.email,
        u1_0.enabled,
        u1_0.password_hash,
        u1_0.updated_at,
        u1_0.updated_by,
        u1_0.username 
    from
        users u1_0 
    where
        u1_0.username=? 
        or u1_0.email=?
Hibernate: 
    select
        ur1_0.user_id,
        ur1_0.id,
        ur1_0.created_at,
        ur1_0.created_by,
        ur1_0.role_id,
        r1_0.id,
        r1_0.created_at,
        r1_0.created_by,
        r1_0.role_name,
        r1_0.updated_at,
        r1_0.updated_by,
        ur1_0.updated_at,
        ur1_0.updated_by 
    from
        user_roles ur1_0 
    left join
        roles r1_0 
            on r1_0.id=ur1_0.role_id 
    where
        ur1_0.user_id=?
Hibernate: 
    select
        count(n1_0.id) 
    from
        notifications n1_0 
    where
        n1_0.company_id=? 
        and n1_0.is_deleted=false 
        and n1_0.is_read=false 
        and (
            n1_0.target_user_id=? 
            or (
                n1_0.target_role in (?) 
                and n1_0.target_user_id is null
            )
        )
Hibernate: 
    select
        u1_0.id,
        u1_0.created_at,
        u1_0.created_by,
        u1_0.email,
        u1_0.enabled,
        u1_0.password_hash,
        u1_0.updated_at,
        u1_0.updated_by,
        u1_0.username 
    from
        users u1_0 
    where
        u1_0.username=? 
        or u1_0.email=?
Hibernate: 
    select
        ur1_0.user_id,
        ur1_0.id,
        ur1_0.created_at,
        ur1_0.created_by,
        ur1_0.role_id,
        r1_0.id,
        r1_0.created_at,
        r1_0.created_by,
        r1_0.role_name,
        r1_0.updated_at,
        r1_0.updated_by,
        ur1_0.updated_at,
        ur1_0.updated_by 
    from
        user_roles ur1_0 
    left join
        roles r1_0 
            on r1_0.id=ur1_0.role_id 
    where
        ur1_0.user_id=?
Hibernate: 
    select
        count(n1_0.id) 
    from
        notifications n1_0 
    where
        n1_0.company_id=? 
        and n1_0.is_deleted=false 
        and n1_0.is_read=false 
        and (
            n1_0.target_user_id=? 
            or (
                n1_0.target_role in (?) 
                and n1_0.target_user_id is null
            )
        )
Hibernate: 
    select
        mc1_0.id,
        mc1_0.click_rate,
        mc1_0.content,
        mc1_0.cost,
        mc1_0.created_at,
        mc1_0.created_by,
        mc1_0.delivered_count,
        mc1_0.failed_count,
        mc1_0.open_rate,
        mc1_0.personalization,
        mc1_0.recipient_count,
        mc1_0.scheduled_at,
        mc1_0.sent_at,
        mc1_0.status,
        mc1_0.subject,
        mc1_0.template_id,
        mc1_0.type,
        mc1_0.updated_at,
        mc1_0.updated_by 
    from
        message_campaigns mc1_0 
    where
        mc1_0.status=? 
        and mc1_0.scheduled_at<?
Hibernate: 
    select
        u1_0.id,
        u1_0.created_at,
        u1_0.created_by,
        u1_0.email,
        u1_0.enabled,
        u1_0.password_hash,
        u1_0.updated_at,
        u1_0.updated_by,
        u1_0.username 
    from
        users u1_0 
    where
        u1_0.username=? 
        or u1_0.email=?
Hibernate: 
    select
        ur1_0.user_id,
        ur1_0.id,
        ur1_0.created_at,
        ur1_0.created_by,
        ur1_0.role_id,
        r1_0.id,
        r1_0.created_at,
        r1_0.created_by,
        r1_0.role_name,
        r1_0.updated_at,
        r1_0.updated_by,
        ur1_0.updated_at,
        ur1_0.updated_by 
    from
        user_roles ur1_0 
    left join
        roles r1_0 
            on r1_0.id=ur1_0.role_id 
    where
        ur1_0.user_id=?
Hibernate: 
    select
        count(n1_0.id) 
    from
        notifications n1_0 
    where
        n1_0.company_id=? 
        and n1_0.is_deleted=false 
        and n1_0.is_read=false 
        and (
            n1_0.target_user_id=? 
            or (
                n1_0.target_role in (?) 
                and n1_0.target_user_id is null
            )
        )
Hibernate: 
    select
        u1_0.id,
        u1_0.created_at,
        u1_0.created_by,
        u1_0.email,
        u1_0.enabled,
        u1_0.password_hash,
        u1_0.updated_at,
        u1_0.updated_by,
        u1_0.username 
    from
        users u1_0 
    where
        u1_0.username=? 
        or u1_0.email=?
Hibernate: 
    select
        ur1_0.user_id,
        ur1_0.id,
        ur1_0.created_at,
        ur1_0.created_by,
        ur1_0.role_id,
        r1_0.id,
        r1_0.created_at,
        r1_0.created_by,
        r1_0.role_name,
        r1_0.updated_at,
        r1_0.updated_by,
        ur1_0.updated_at,
        ur1_0.updated_by 
    from
        user_roles ur1_0 
    left join
        roles r1_0 
            on r1_0.id=ur1_0.role_id 
    where
        ur1_0.user_id=?
Hibernate: 
    select
        count(n1_0.id) 
    from
        notifications n1_0 
    where
        n1_0.company_id=? 
        and n1_0.is_deleted=false 
        and n1_0.is_read=false 
        and (
            n1_0.target_user_id=? 
            or (
                n1_0.target_role in (?) 
                and n1_0.target_user_id is null
            )
        )
Hibernate: 
    select
        mc1_0.id,
        mc1_0.click_rate,
        mc1_0.content,
        mc1_0.cost,
        mc1_0.created_at,
        mc1_0.created_by,
        mc1_0.delivered_count,
        mc1_0.failed_count,
        mc1_0.open_rate,
        mc1_0.personalization,
        mc1_0.recipient_count,
        mc1_0.scheduled_at,
        mc1_0.sent_at,
        mc1_0.status,
        mc1_0.subject,
        mc1_0.template_id,
        mc1_0.type,
        mc1_0.updated_at,
        mc1_0.updated_by 
    from
        message_campaigns mc1_0 
    where
        mc1_0.status=? 
        and mc1_0.scheduled_at<?
Hibernate: 
    select
        mc1_0.id,
        mc1_0.click_rate,
        mc1_0.content,
        mc1_0.cost,
        mc1_0.created_at,
        mc1_0.created_by,
        mc1_0.delivered_count,
        mc1_0.failed_count,
        mc1_0.open_rate,
        mc1_0.personalization,
        mc1_0.recipient_count,
        mc1_0.scheduled_at,
        mc1_0.sent_at,
        mc1_0.status,
        mc1_0.subject,
        mc1_0.template_id,
        mc1_0.type,
        mc1_0.updated_at,
        mc1_0.updated_by 
    from
        message_campaigns mc1_0 
    where
        mc1_0.status=? 
        and mc1_0.scheduled_at<?
Hibernate: 
    select
        u1_0.id,
        u1_0.created_at,
        u1_0.created_by,
        u1_0.email,
        u1_0.enabled,
        u1_0.password_hash,
        u1_0.updated_at,
        u1_0.updated_by,
        u1_0.username 
    from
        users u1_0 
    where
        u1_0.username=? 
        or u1_0.email=?
Hibernate: 
    select
        ur1_0.user_id,
        ur1_0.id,
        ur1_0.created_at,
        ur1_0.created_by,
        ur1_0.role_id,
        r1_0.id,
        r1_0.created_at,
        r1_0.created_by,
        r1_0.role_name,
        r1_0.updated_at,
        r1_0.updated_by,
        ur1_0.updated_at,
        ur1_0.updated_by 
    from
        user_roles ur1_0 
    left join
        roles r1_0 
            on r1_0.id=ur1_0.role_id 
    where
        ur1_0.user_id=?
Hibernate: 
    select
        count(n1_0.id) 
    from
        notifications n1_0 
    where
        n1_0.company_id=? 
        and n1_0.is_deleted=false 
        and n1_0.is_read=false 
        and (
            n1_0.target_user_id=? 
            or (
                n1_0.target_role in (?) 
                and n1_0.target_user_id is null
            )
        )
Hibernate: 
    select
        u1_0.id,
        u1_0.created_at,
        u1_0.created_by,
        u1_0.email,
        u1_0.enabled,
        u1_0.password_hash,
        u1_0.updated_at,
        u1_0.updated_by,
        u1_0.username 
    from
        users u1_0 
    where
        u1_0.username=? 
        or u1_0.email=?
Hibernate: 
    select
        ur1_0.user_id,
        ur1_0.id,
        ur1_0.created_at,
        ur1_0.created_by,
        ur1_0.role_id,
        r1_0.id,
        r1_0.created_at,
        r1_0.created_by,
        r1_0.role_name,
        r1_0.updated_at,
        r1_0.updated_by,
        ur1_0.updated_at,
        ur1_0.updated_by 
    from
        user_roles ur1_0 
    left join
        roles r1_0 
            on r1_0.id=ur1_0.role_id 
    where
        ur1_0.user_id=?
Hibernate: 
    select
        count(n1_0.id) 
    from
        notifications n1_0 
    where
        n1_0.company_id=? 
        and n1_0.is_deleted=false 
        and n1_0.is_read=false 
        and (
            n1_0.target_user_id=? 
            or (
                n1_0.target_role in (?) 
                and n1_0.target_user_id is null
            )
        )
Hibernate: 
    select
        mc1_0.id,
        mc1_0.click_rate,
        mc1_0.content,
        mc1_0.cost,
        mc1_0.created_at,
        mc1_0.created_by,
        mc1_0.delivered_count,
        mc1_0.failed_count,
        mc1_0.open_rate,
        mc1_0.personalization,
        mc1_0.recipient_count,
        mc1_0.scheduled_at,
        mc1_0.sent_at,
        mc1_0.status,
        mc1_0.subject,
        mc1_0.template_id,
        mc1_0.type,
        mc1_0.updated_at,
        mc1_0.updated_by 
    from
        message_campaigns mc1_0 
    where
        mc1_0.status=? 
        and mc1_0.scheduled_at<?
Hibernate: 
    select
        u1_0.id,
        u1_0.created_at,
        u1_0.created_by,
        u1_0.email,
        u1_0.enabled,
        u1_0.password_hash,
        u1_0.updated_at,
        u1_0.updated_by,
        u1_0.username 
    from
        users u1_0 
    where
        u1_0.username=? 
        or u1_0.email=?
Hibernate: 
    select
        ur1_0.user_id,
        ur1_0.id,
        ur1_0.created_at,
        ur1_0.created_by,
        ur1_0.role_id,
        r1_0.id,
        r1_0.created_at,
        r1_0.created_by,
        r1_0.role_name,
        r1_0.updated_at,
        r1_0.updated_by,
        ur1_0.updated_at,
        ur1_0.updated_by 
    from
        user_roles ur1_0 
    left join
        roles r1_0 
            on r1_0.id=ur1_0.role_id 
    where
        ur1_0.user_id=?
Hibernate: 
    select
        count(n1_0.id) 
    from
        notifications n1_0 
    where
        n1_0.company_id=? 
        and n1_0.is_deleted=false 
        and n1_0.is_read=false 
        and (
            n1_0.target_user_id=? 
            or (
                n1_0.target_role in (?) 
                and n1_0.target_user_id is null
            )
        )
Hibernate: 
    select
        u1_0.id,
        u1_0.created_at,
        u1_0.created_by,
        u1_0.email,
        u1_0.enabled,
        u1_0.password_hash,
        u1_0.updated_at,
        u1_0.updated_by,
        u1_0.username 
    from
        users u1_0 
    where
        u1_0.username=? 
        or u1_0.email=?
Hibernate: 
    select
        ur1_0.user_id,
        ur1_0.id,
        ur1_0.created_at,
        ur1_0.created_by,
        ur1_0.role_id,
        r1_0.id,
        r1_0.created_at,
        r1_0.created_by,
        r1_0.role_name,
        r1_0.updated_at,
        r1_0.updated_by,
        ur1_0.updated_at,
        ur1_0.updated_by 
    from
        user_roles ur1_0 
    left join
        roles r1_0 
            on r1_0.id=ur1_0.role_id 
    where
        ur1_0.user_id=?
Hibernate: 
    select
        count(n1_0.id) 
    from
        notifications n1_0 
    where
        n1_0.company_id=? 
        and n1_0.is_deleted=false 
        and n1_0.is_read=false 
        and (
            n1_0.target_user_id=? 
            or (
                n1_0.target_role in (?) 
                and n1_0.target_user_id is null
            )
        )
Hibernate: 
    select
        mc1_0.id,
        mc1_0.click_rate,
        mc1_0.content,
        mc1_0.cost,
        mc1_0.created_at,
        mc1_0.created_by,
        mc1_0.delivered_count,
        mc1_0.failed_count,
        mc1_0.open_rate,
        mc1_0.personalization,
        mc1_0.recipient_count,
        mc1_0.scheduled_at,
        mc1_0.sent_at,
        mc1_0.status,
        mc1_0.subject,
        mc1_0.template_id,
        mc1_0.type,
        mc1_0.updated_at,
        mc1_0.updated_by 
    from
        message_campaigns mc1_0 
    where
        mc1_0.status=? 
        and mc1_0.scheduled_at<?
Hibernate: 
    select
        u1_0.id,
        u1_0.created_at,
        u1_0.created_by,
        u1_0.email,
        u1_0.enabled,
        u1_0.password_hash,
        u1_0.updated_at,
        u1_0.updated_by,
        u1_0.username 
    from
        users u1_0 
    where
        u1_0.username=? 
        or u1_0.email=?
Hibernate: 
    select
        ur1_0.user_id,
        ur1_0.id,
        ur1_0.created_at,
        ur1_0.created_by,
        ur1_0.role_id,
        r1_0.id,
        r1_0.created_at,
        r1_0.created_by,
        r1_0.role_name,
        r1_0.updated_at,
        r1_0.updated_by,
        ur1_0.updated_at,
        ur1_0.updated_by 
    from
        user_roles ur1_0 
    left join
        roles r1_0 
            on r1_0.id=ur1_0.role_id 
    where
        ur1_0.user_id=?
Hibernate: 
    select
        count(n1_0.id) 
    from
        notifications n1_0 
    where
        n1_0.company_id=? 
        and n1_0.is_deleted=false 
        and n1_0.is_read=false 
        and (
            n1_0.target_user_id=? 
            or (
                n1_0.target_role in (?) 
                and n1_0.target_user_id is null
            )
        )
Hibernate: 
    select
        u1_0.id,
        u1_0.created_at,
        u1_0.created_by,
        u1_0.email,
        u1_0.enabled,
        u1_0.password_hash,
        u1_0.updated_at,
        u1_0.updated_by,
        u1_0.username 
    from
        users u1_0 
    where
        u1_0.username=? 
        or u1_0.email=?
Hibernate: 
    select
        ur1_0.user_id,
        ur1_0.id,
        ur1_0.created_at,
        ur1_0.created_by,
        ur1_0.role_id,
        r1_0.id,
        r1_0.created_at,
        r1_0.created_by,
        r1_0.role_name,
        r1_0.updated_at,
        r1_0.updated_by,
        ur1_0.updated_at,
        ur1_0.updated_by 
    from
        user_roles ur1_0 
    left join
        roles r1_0 
            on r1_0.id=ur1_0.role_id 
    where
        ur1_0.user_id=?
Hibernate: 
    select
        count(n1_0.id) 
    from
        notifications n1_0 
    where
        n1_0.company_id=? 
        and n1_0.is_deleted=false 
        and n1_0.is_read=false 
        and (
            n1_0.target_user_id=? 
            or (
                n1_0.target_role in (?) 
                and n1_0.target_user_id is null
            )
        )
Hibernate: 
    select
        mc1_0.id,
        mc1_0.click_rate,
        mc1_0.content,
        mc1_0.cost,
        mc1_0.created_at,
        mc1_0.created_by,
        mc1_0.delivered_count,
        mc1_0.failed_count,
        mc1_0.open_rate,
        mc1_0.personalization,
        mc1_0.recipient_count,
        mc1_0.scheduled_at,
        mc1_0.sent_at,
        mc1_0.status,
        mc1_0.subject,
        mc1_0.template_id,
        mc1_0.type,
        mc1_0.updated_at,
        mc1_0.updated_by 
    from
        message_campaigns mc1_0 
    where
        mc1_0.status=? 
        and mc1_0.scheduled_at<?
Hibernate: 
    select
        u1_0.id,
        u1_0.created_at,
        u1_0.created_by,
        u1_0.email,
        u1_0.enabled,
        u1_0.password_hash,
        u1_0.updated_at,
        u1_0.updated_by,
        u1_0.username 
    from
        users u1_0 
    where
        u1_0.username=? 
        or u1_0.email=?
Hibernate: 
    select
        ur1_0.user_id,
        ur1_0.id,
        ur1_0.created_at,
        ur1_0.created_by,
        ur1_0.role_id,
        r1_0.id,
        r1_0.created_at,
        r1_0.created_by,
        r1_0.role_name,
        r1_0.updated_at,
        r1_0.updated_by,
        ur1_0.updated_at,
        ur1_0.updated_by 
    from
        user_roles ur1_0 
    left join
        roles r1_0 
            on r1_0.id=ur1_0.role_id 
    where
        ur1_0.user_id=?
Hibernate: 
    select
        count(n1_0.id) 
    from
        notifications n1_0 
    where
        n1_0.company_id=? 
        and n1_0.is_deleted=false 
        and n1_0.is_read=false 
        and (
            n1_0.target_user_id=? 
            or (
                n1_0.target_role in (?) 
                and n1_0.target_user_id is null
            )
        )
Hibernate: 
    select
        u1_0.id,
        u1_0.created_at,
        u1_0.created_by,
        u1_0.email,
        u1_0.enabled,
        u1_0.password_hash,
        u1_0.updated_at,
        u1_0.updated_by,
        u1_0.username 
    from
        users u1_0 
    where
        u1_0.username=? 
        or u1_0.email=?
Hibernate: 
    select
        ur1_0.user_id,
        ur1_0.id,
        ur1_0.created_at,
        ur1_0.created_by,
        ur1_0.role_id,
        r1_0.id,
        r1_0.created_at,
        r1_0.created_by,
        r1_0.role_name,
        r1_0.updated_at,
        r1_0.updated_by,
        ur1_0.updated_at,
        ur1_0.updated_by 
    from
        user_roles ur1_0 
    left join
        roles r1_0 
            on r1_0.id=ur1_0.role_id 
    where
        ur1_0.user_id=?
Hibernate: 
    select
        count(n1_0.id) 
    from
        notifications n1_0 
    where
        n1_0.company_id=? 
        and n1_0.is_deleted=false 
        and n1_0.is_read=false 
        and (
            n1_0.target_user_id=? 
            or (
                n1_0.target_role in (?) 
                and n1_0.target_user_id is null
            )
        )
Hibernate: 
    select
        mc1_0.id,
        mc1_0.click_rate,
        mc1_0.content,
        mc1_0.cost,
        mc1_0.created_at,
        mc1_0.created_by,
        mc1_0.delivered_count,
        mc1_0.failed_count,
        mc1_0.open_rate,
        mc1_0.personalization,
        mc1_0.recipient_count,
        mc1_0.scheduled_at,
        mc1_0.sent_at,
        mc1_0.status,
        mc1_0.subject,
        mc1_0.template_id,
        mc1_0.type,
        mc1_0.updated_at,
        mc1_0.updated_by 
    from
        message_campaigns mc1_0 
    where
        mc1_0.status=? 
        and mc1_0.scheduled_at<?
Hibernate: 
    select
        u1_0.id,
        u1_0.created_at,
        u1_0.created_by,
        u1_0.email,
        u1_0.enabled,
        u1_0.password_hash,
        u1_0.updated_at,
        u1_0.updated_by,
        u1_0.username 
    from
        users u1_0 
    where
        u1_0.username=? 
        or u1_0.email=?
Hibernate: 
    select
        ur1_0.user_id,
        ur1_0.id,
        ur1_0.created_at,
        ur1_0.created_by,
        ur1_0.role_id,
        r1_0.id,
        r1_0.created_at,
        r1_0.created_by,
        r1_0.role_name,
        r1_0.updated_at,
        r1_0.updated_by,
        ur1_0.updated_at,
        ur1_0.updated_by 
    from
        user_roles ur1_0 
    left join
        roles r1_0 
            on r1_0.id=ur1_0.role_id 
    where
        ur1_0.user_id=?
Hibernate: 
    select
        count(n1_0.id) 
    from
        notifications n1_0 
    where
        n1_0.company_id=? 
        and n1_0.is_deleted=false 
        and n1_0.is_read=false 
        and (
            n1_0.target_user_id=? 
            or (
                n1_0.target_role in (?) 
                and n1_0.target_user_id is null
            )
        )
Hibernate: 
    select
        u1_0.id,
        u1_0.created_at,
        u1_0.created_by,
        u1_0.email,
        u1_0.enabled,
        u1_0.password_hash,
        u1_0.updated_at,
        u1_0.updated_by,
        u1_0.username 
    from
        users u1_0 
    where
        u1_0.username=? 
        or u1_0.email=?
Hibernate: 
    select
        ur1_0.user_id,
        ur1_0.id,
        ur1_0.created_at,
        ur1_0.created_by,
        ur1_0.role_id,
        r1_0.id,
        r1_0.created_at,
        r1_0.created_by,
        r1_0.role_name,
        r1_0.updated_at,
        r1_0.updated_by,
        ur1_0.updated_at,
        ur1_0.updated_by 
    from
        user_roles ur1_0 
    left join
        roles r1_0 
            on r1_0.id=ur1_0.role_id 
    where
        ur1_0.user_id=?
Hibernate: 
    select
        count(n1_0.id) 
    from
        notifications n1_0 
    where
        n1_0.company_id=? 
        and n1_0.is_deleted=false 
        and n1_0.is_read=false 
        and (
            n1_0.target_user_id=? 
            or (
                n1_0.target_role in (?) 
                and n1_0.target_user_id is null
            )
        )
Hibernate: 
    select
        mc1_0.id,
        mc1_0.click_rate,
        mc1_0.content,
        mc1_0.cost,
        mc1_0.created_at,
        mc1_0.created_by,
        mc1_0.delivered_count,
        mc1_0.failed_count,
        mc1_0.open_rate,
        mc1_0.personalization,
        mc1_0.recipient_count,
        mc1_0.scheduled_at,
        mc1_0.sent_at,
        mc1_0.status,
        mc1_0.subject,
        mc1_0.template_id,
        mc1_0.type,
        mc1_0.updated_at,
        mc1_0.updated_by 
    from
        message_campaigns mc1_0 
    where
        mc1_0.status=? 
        and mc1_0.scheduled_at<?
Hibernate: 
    select
        u1_0.id,
        u1_0.created_at,
        u1_0.created_by,
        u1_0.email,
        u1_0.enabled,
        u1_0.password_hash,
        u1_0.updated_at,
        u1_0.updated_by,
        u1_0.username 
    from
        users u1_0 
    where
        u1_0.username=? 
        or u1_0.email=?
Hibernate: 
    select
        ur1_0.user_id,
        ur1_0.id,
        ur1_0.created_at,
        ur1_0.created_by,
        ur1_0.role_id,
        r1_0.id,
        r1_0.created_at,
        r1_0.created_by,
        r1_0.role_name,
        r1_0.updated_at,
        r1_0.updated_by,
        ur1_0.updated_at,
        ur1_0.updated_by 
    from
        user_roles ur1_0 
    left join
        roles r1_0 
            on r1_0.id=ur1_0.role_id 
    where
        ur1_0.user_id=?
Hibernate: 
    select
        count(n1_0.id) 
    from
        notifications n1_0 
    where
        n1_0.company_id=? 
        and n1_0.is_deleted=false 
        and n1_0.is_read=false 
        and (
            n1_0.target_user_id=? 
            or (
                n1_0.target_role in (?) 
                and n1_0.target_user_id is null
            )
        )
Hibernate: 
    select
        u1_0.id,
        u1_0.created_at,
        u1_0.created_by,
        u1_0.email,
        u1_0.enabled,
        u1_0.password_hash,
        u1_0.updated_at,
        u1_0.updated_by,
        u1_0.username 
    from
        users u1_0 
    where
        u1_0.username=? 
        or u1_0.email=?
Hibernate: 
    select
        ur1_0.user_id,
        ur1_0.id,
        ur1_0.created_at,
        ur1_0.created_by,
        ur1_0.role_id,
        r1_0.id,
        r1_0.created_at,
        r1_0.created_by,
        r1_0.role_name,
        r1_0.updated_at,
        r1_0.updated_by,
        ur1_0.updated_at,
        ur1_0.updated_by 
    from
        user_roles ur1_0 
    left join
        roles r1_0 
            on r1_0.id=ur1_0.role_id 
    where
        ur1_0.user_id=?
Hibernate: 
    select
        count(n1_0.id) 
    from
        notifications n1_0 
    where
        n1_0.company_id=? 
        and n1_0.is_deleted=false 
        and n1_0.is_read=false 
        and (
            n1_0.target_user_id=? 
            or (
                n1_0.target_role in (?) 
                and n1_0.target_user_id is null
            )
        )
Hibernate: 
    select
        mc1_0.id,
        mc1_0.click_rate,
        mc1_0.content,
        mc1_0.cost,
        mc1_0.created_at,
        mc1_0.created_by,
        mc1_0.delivered_count,
        mc1_0.failed_count,
        mc1_0.open_rate,
        mc1_0.personalization,
        mc1_0.recipient_count,
        mc1_0.scheduled_at,
        mc1_0.sent_at,
        mc1_0.status,
        mc1_0.subject,
        mc1_0.template_id,
        mc1_0.type,
        mc1_0.updated_at,
        mc1_0.updated_by 
    from
        message_campaigns mc1_0 
    where
        mc1_0.status=? 
        and mc1_0.scheduled_at<?
Hibernate: 
    select
        u1_0.id,
        u1_0.created_at,
        u1_0.created_by,
        u1_0.email,
        u1_0.enabled,
        u1_0.password_hash,
        u1_0.updated_at,
        u1_0.updated_by,
        u1_0.username 
    from
        users u1_0 
    where
        u1_0.username=? 
        or u1_0.email=?
Hibernate: 
    select
        ur1_0.user_id,
        ur1_0.id,
        ur1_0.created_at,
        ur1_0.created_by,
        ur1_0.role_id,
        r1_0.id,
        r1_0.created_at,
        r1_0.created_by,
        r1_0.role_name,
        r1_0.updated_at,
        r1_0.updated_by,
        ur1_0.updated_at,
        ur1_0.updated_by 
    from
        user_roles ur1_0 
    left join
        roles r1_0 
            on r1_0.id=ur1_0.role_id 
    where
        ur1_0.user_id=?
Hibernate: 
    select
        count(n1_0.id) 
    from
        notifications n1_0 
    where
        n1_0.company_id=? 
        and n1_0.is_deleted=false 
        and n1_0.is_read=false 
        and (
            n1_0.target_user_id=? 
            or (
                n1_0.target_role in (?) 
                and n1_0.target_user_id is null
            )
        )
Hibernate: 
    select
        u1_0.id,
        u1_0.created_at,
        u1_0.created_by,
        u1_0.email,
        u1_0.enabled,
        u1_0.password_hash,
        u1_0.updated_at,
        u1_0.updated_by,
        u1_0.username 
    from
        users u1_0 
    where
        u1_0.username=? 
        or u1_0.email=?
Hibernate: 
    select
        ur1_0.user_id,
        ur1_0.id,
        ur1_0.created_at,
        ur1_0.created_by,
        ur1_0.role_id,
        r1_0.id,
        r1_0.created_at,
        r1_0.created_by,
        r1_0.role_name,
        r1_0.updated_at,
        r1_0.updated_by,
        ur1_0.updated_at,
        ur1_0.updated_by 
    from
        user_roles ur1_0 
    left join
        roles r1_0 
            on r1_0.id=ur1_0.role_id 
    where
        ur1_0.user_id=?
Hibernate: 
    select
        count(n1_0.id) 
    from
        notifications n1_0 
    where
        n1_0.company_id=? 
        and n1_0.is_deleted=false 
        and n1_0.is_read=false 
        and (
            n1_0.target_user_id=? 
            or (
                n1_0.target_role in (?) 
                and n1_0.target_user_id is null
            )
        )
Hibernate: 
    select
        mc1_0.id,
        mc1_0.click_rate,
        mc1_0.content,
        mc1_0.cost,
        mc1_0.created_at,
        mc1_0.created_by,
        mc1_0.delivered_count,
        mc1_0.failed_count,
        mc1_0.open_rate,
        mc1_0.personalization,
        mc1_0.recipient_count,
        mc1_0.scheduled_at,
        mc1_0.sent_at,
        mc1_0.status,
        mc1_0.subject,
        mc1_0.template_id,
        mc1_0.type,
        mc1_0.updated_at,
        mc1_0.updated_by 
    from
        message_campaigns mc1_0 
    where
        mc1_0.status=? 
        and mc1_0.scheduled_at<?
Hibernate: 
    select
        u1_0.id,
        u1_0.created_at,
        u1_0.created_by,
        u1_0.email,
        u1_0.enabled,
        u1_0.password_hash,
        u1_0.updated_at,
        u1_0.updated_by,
        u1_0.username 
    from
        users u1_0 
    where
        u1_0.username=? 
        or u1_0.email=?
Hibernate: 
    select
        ur1_0.user_id,
        ur1_0.id,
        ur1_0.created_at,
        ur1_0.created_by,
        ur1_0.role_id,
        r1_0.id,
        r1_0.created_at,
        r1_0.created_by,
        r1_0.role_name,
        r1_0.updated_at,
        r1_0.updated_by,
        ur1_0.updated_at,
        ur1_0.updated_by 
    from
        user_roles ur1_0 
    left join
        roles r1_0 
            on r1_0.id=ur1_0.role_id 
    where
        ur1_0.user_id=?
Hibernate: 
    select
        count(n1_0.id) 
    from
        notifications n1_0 
    where
        n1_0.company_id=? 
        and n1_0.is_deleted=false 
        and n1_0.is_read=false 
        and (
            n1_0.target_user_id=? 
            or (
                n1_0.target_role in (?) 
                and n1_0.target_user_id is null
            )
        )
Hibernate: 
    select
        u1_0.id,
        u1_0.created_at,
        u1_0.created_by,
        u1_0.email,
        u1_0.enabled,
        u1_0.password_hash,
        u1_0.updated_at,
        u1_0.updated_by,
        u1_0.username 
    from
        users u1_0 
    where
        u1_0.username=? 
        or u1_0.email=?
Hibernate: 
    select
        ur1_0.user_id,
        ur1_0.id,
        ur1_0.created_at,
        ur1_0.created_by,
        ur1_0.role_id,
        r1_0.id,
        r1_0.created_at,
        r1_0.created_by,
        r1_0.role_name,
        r1_0.updated_at,
        r1_0.updated_by,
        ur1_0.updated_at,
        ur1_0.updated_by 
    from
        user_roles ur1_0 
    left join
        roles r1_0 
            on r1_0.id=ur1_0.role_id 
    where
        ur1_0.user_id=?
Hibernate: 
    select
        count(n1_0.id) 
    from
        notifications n1_0 
    where
        n1_0.company_id=? 
        and n1_0.is_deleted=false 
        and n1_0.is_read=false 
        and (
            n1_0.target_user_id=? 
            or (
                n1_0.target_role in (?) 
                and n1_0.target_user_id is null
            )
        )
Hibernate: 
    select
        mc1_0.id,
        mc1_0.click_rate,
        mc1_0.content,
        mc1_0.cost,
        mc1_0.created_at,
        mc1_0.created_by,
        mc1_0.delivered_count,
        mc1_0.failed_count,
        mc1_0.open_rate,
        mc1_0.personalization,
        mc1_0.recipient_count,
        mc1_0.scheduled_at,
        mc1_0.sent_at,
        mc1_0.status,
        mc1_0.subject,
        mc1_0.template_id,
        mc1_0.type,
        mc1_0.updated_at,
        mc1_0.updated_by 
    from
        message_campaigns mc1_0 
    where
        mc1_0.status=? 
        and mc1_0.scheduled_at<?
Hibernate: 
    select
        u1_0.id,
        u1_0.created_at,
        u1_0.created_by,
        u1_0.email,
        u1_0.enabled,
        u1_0.password_hash,
        u1_0.updated_at,
        u1_0.updated_by,
        u1_0.username 
    from
        users u1_0 
    where
        u1_0.username=? 
        or u1_0.email=?
Hibernate: 
    select
        ur1_0.user_id,
        ur1_0.id,
        ur1_0.created_at,
        ur1_0.created_by,
        ur1_0.role_id,
        r1_0.id,
        r1_0.created_at,
        r1_0.created_by,
        r1_0.role_name,
        r1_0.updated_at,
        r1_0.updated_by,
        ur1_0.updated_at,
        ur1_0.updated_by 
    from
        user_roles ur1_0 
    left join
        roles r1_0 
            on r1_0.id=ur1_0.role_id 
    where
        ur1_0.user_id=?
Hibernate: 
    select
        count(n1_0.id) 
    from
        notifications n1_0 
    where
        n1_0.company_id=? 
        and n1_0.is_deleted=false 
        and n1_0.is_read=false 
        and (
            n1_0.target_user_id=? 
            or (
                n1_0.target_role in (?) 
                and n1_0.target_user_id is null
            )
        )
Hibernate: 
    select
        u1_0.id,
        u1_0.created_at,
        u1_0.created_by,
        u1_0.email,
        u1_0.enabled,
        u1_0.password_hash,
        u1_0.updated_at,
        u1_0.updated_by,
        u1_0.username 
    from
        users u1_0 
    where
        u1_0.username=? 
        or u1_0.email=?
Hibernate: 
    select
        ur1_0.user_id,
        ur1_0.id,
        ur1_0.created_at,
        ur1_0.created_by,
        ur1_0.role_id,
        r1_0.id,
        r1_0.created_at,
        r1_0.created_by,
        r1_0.role_name,
        r1_0.updated_at,
        r1_0.updated_by,
        ur1_0.updated_at,
        ur1_0.updated_by 
    from
        user_roles ur1_0 
    left join
        roles r1_0 
            on r1_0.id=ur1_0.role_id 
    where
        ur1_0.user_id=?
Hibernate: 
    select
        count(n1_0.id) 
    from
        notifications n1_0 
    where
        n1_0.company_id=? 
        and n1_0.is_deleted=false 
        and n1_0.is_read=false 
        and (
            n1_0.target_user_id=? 
            or (
                n1_0.target_role in (?) 
                and n1_0.target_user_id is null
            )
        )
Hibernate: 
    select
        mc1_0.id,
        mc1_0.click_rate,
        mc1_0.content,
        mc1_0.cost,
        mc1_0.created_at,
        mc1_0.created_by,
        mc1_0.delivered_count,
        mc1_0.failed_count,
        mc1_0.open_rate,
        mc1_0.personalization,
        mc1_0.recipient_count,
        mc1_0.scheduled_at,
        mc1_0.sent_at,
        mc1_0.status,
        mc1_0.subject,
        mc1_0.template_id,
        mc1_0.type,
        mc1_0.updated_at,
        mc1_0.updated_by 
    from
        message_campaigns mc1_0 
    where
        mc1_0.status=? 
        and mc1_0.scheduled_at<?
Hibernate: 
    select
        u1_0.id,
        u1_0.created_at,
        u1_0.created_by,
        u1_0.email,
        u1_0.enabled,
        u1_0.password_hash,
        u1_0.updated_at,
        u1_0.updated_by,
        u1_0.username 
    from
        users u1_0 
    where
        u1_0.username=? 
        or u1_0.email=?
Hibernate: 
    select
        ur1_0.user_id,
        ur1_0.id,
        ur1_0.created_at,
        ur1_0.created_by,
        ur1_0.role_id,
        r1_0.id,
        r1_0.created_at,
        r1_0.created_by,
        r1_0.role_name,
        r1_0.updated_at,
        r1_0.updated_by,
        ur1_0.updated_at,
        ur1_0.updated_by 
    from
        user_roles ur1_0 
    left join
        roles r1_0 
            on r1_0.id=ur1_0.role_id 
    where
        ur1_0.user_id=?
Hibernate: 
    select
        count(n1_0.id) 
    from
        notifications n1_0 
    where
        n1_0.company_id=? 
        and n1_0.is_deleted=false 
        and n1_0.is_read=false 
        and (
            n1_0.target_user_id=? 
            or (
                n1_0.target_role in (?) 
                and n1_0.target_user_id is null
            )
        )
Hibernate: 
    select
        u1_0.id,
        u1_0.created_at,
        u1_0.created_by,
        u1_0.email,
        u1_0.enabled,
        u1_0.password_hash,
        u1_0.updated_at,
        u1_0.updated_by,
        u1_0.username 
    from
        users u1_0 
    where
        u1_0.username=? 
        or u1_0.email=?
Hibernate: 
    select
        ur1_0.user_id,
        ur1_0.id,
        ur1_0.created_at,
        ur1_0.created_by,
        ur1_0.role_id,
        r1_0.id,
        r1_0.created_at,
        r1_0.created_by,
        r1_0.role_name,
        r1_0.updated_at,
        r1_0.updated_by,
        ur1_0.updated_at,
        ur1_0.updated_by 
    from
        user_roles ur1_0 
    left join
        roles r1_0 
            on r1_0.id=ur1_0.role_id 
    where
        ur1_0.user_id=?
Hibernate: 
    select
        count(n1_0.id) 
    from
        notifications n1_0 
    where
        n1_0.company_id=? 
        and n1_0.is_deleted=false 
        and n1_0.is_read=false 
        and (
            n1_0.target_user_id=? 
            or (
                n1_0.target_role in (?) 
                and n1_0.target_user_id is null
            )
        )
Hibernate: 
    select
        mc1_0.id,
        mc1_0.click_rate,
        mc1_0.content,
        mc1_0.cost,
        mc1_0.created_at,
        mc1_0.created_by,
        mc1_0.delivered_count,
        mc1_0.failed_count,
        mc1_0.open_rate,
        mc1_0.personalization,
        mc1_0.recipient_count,
        mc1_0.scheduled_at,
        mc1_0.sent_at,
        mc1_0.status,
        mc1_0.subject,
        mc1_0.template_id,
        mc1_0.type,
        mc1_0.updated_at,
        mc1_0.updated_by 
    from
        message_campaigns mc1_0 
    where
        mc1_0.status=? 
        and mc1_0.scheduled_at<?
Hibernate: 
    select
        u1_0.id,
        u1_0.created_at,
        u1_0.created_by,
        u1_0.email,
        u1_0.enabled,
        u1_0.password_hash,
        u1_0.updated_at,
        u1_0.updated_by,
        u1_0.username 
    from
        users u1_0 
    where
        u1_0.username=? 
        or u1_0.email=?
Hibernate: 
    select
        ur1_0.user_id,
        ur1_0.id,
        ur1_0.created_at,
        ur1_0.created_by,
        ur1_0.role_id,
        r1_0.id,
        r1_0.created_at,
        r1_0.created_by,
        r1_0.role_name,
        r1_0.updated_at,
        r1_0.updated_by,
        ur1_0.updated_at,
        ur1_0.updated_by 
    from
        user_roles ur1_0 
    left join
        roles r1_0 
            on r1_0.id=ur1_0.role_id 
    where
        ur1_0.user_id=?
Hibernate: 
    select
        count(n1_0.id) 
    from
        notifications n1_0 
    where
        n1_0.company_id=? 
        and n1_0.is_deleted=false 
        and n1_0.is_read=false 
        and (
            n1_0.target_user_id=? 
            or (
                n1_0.target_role in (?) 
                and n1_0.target_user_id is null
            )
        )
Hibernate: 
    select
        u1_0.id,
        u1_0.created_at,
        u1_0.created_by,
        u1_0.email,
        u1_0.enabled,
        u1_0.password_hash,
        u1_0.updated_at,
        u1_0.updated_by,
        u1_0.username 
    from
        users u1_0 
    where
        u1_0.username=? 
        or u1_0.email=?
Hibernate: 
    select
        ur1_0.user_id,
        ur1_0.id,
        ur1_0.created_at,
        ur1_0.created_by,
        ur1_0.role_id,
        r1_0.id,
        r1_0.created_at,
        r1_0.created_by,
        r1_0.role_name,
        r1_0.updated_at,
        r1_0.updated_by,
        ur1_0.updated_at,
        ur1_0.updated_by 
    from
        user_roles ur1_0 
    left join
        roles r1_0 
            on r1_0.id=ur1_0.role_id 
    where
        ur1_0.user_id=?
Hibernate: 
    select
        count(n1_0.id) 
    from
        notifications n1_0 
    where
        n1_0.company_id=? 
        and n1_0.is_deleted=false 
        and n1_0.is_read=false 
        and (
            n1_0.target_user_id=? 
            or (
                n1_0.target_role in (?) 
                and n1_0.target_user_id is null
            )
        )
Hibernate: 
    select
        mc1_0.id,
        mc1_0.click_rate,
        mc1_0.content,
        mc1_0.cost,
        mc1_0.created_at,
        mc1_0.created_by,
        mc1_0.delivered_count,
        mc1_0.failed_count,
        mc1_0.open_rate,
        mc1_0.personalization,
        mc1_0.recipient_count,
        mc1_0.scheduled_at,
        mc1_0.sent_at,
        mc1_0.status,
        mc1_0.subject,
        mc1_0.template_id,
        mc1_0.type,
        mc1_0.updated_at,
        mc1_0.updated_by 
    from
        message_campaigns mc1_0 
    where
        mc1_0.status=? 
        and mc1_0.scheduled_at<?
Hibernate: 
    select
        u1_0.id,
        u1_0.created_at,
        u1_0.created_by,
        u1_0.email,
        u1_0.enabled,
        u1_0.password_hash,
        u1_0.updated_at,
        u1_0.updated_by,
        u1_0.username 
    from
        users u1_0 
    where
        u1_0.username=? 
        or u1_0.email=?
Hibernate: 
    select
        ur1_0.user_id,
        ur1_0.id,
        ur1_0.created_at,
        ur1_0.created_by,
        ur1_0.role_id,
        r1_0.id,
        r1_0.created_at,
        r1_0.created_by,
        r1_0.role_name,
        r1_0.updated_at,
        r1_0.updated_by,
        ur1_0.updated_at,
        ur1_0.updated_by 
    from
        user_roles ur1_0 
    left join
        roles r1_0 
            on r1_0.id=ur1_0.role_id 
    where
        ur1_0.user_id=?
Hibernate: 
    select
        count(n1_0.id) 
    from
        notifications n1_0 
    where
        n1_0.company_id=? 
        and n1_0.is_deleted=false 
        and n1_0.is_read=false 
        and (
            n1_0.target_user_id=? 
            or (
                n1_0.target_role in (?) 
                and n1_0.target_user_id is null
            )
        )
Hibernate: 
    select
        u1_0.id,
        u1_0.created_at,
        u1_0.created_by,
        u1_0.email,
        u1_0.enabled,
        u1_0.password_hash,
        u1_0.updated_at,
        u1_0.updated_by,
        u1_0.username 
    from
        users u1_0 
    where
        u1_0.username=? 
        or u1_0.email=?
Hibernate: 
    select
        ur1_0.user_id,
        ur1_0.id,
        ur1_0.created_at,
        ur1_0.created_by,
        ur1_0.role_id,
        r1_0.id,
        r1_0.created_at,
        r1_0.created_by,
        r1_0.role_name,
        r1_0.updated_at,
        r1_0.updated_by,
        ur1_0.updated_at,
        ur1_0.updated_by 
    from
        user_roles ur1_0 
    left join
        roles r1_0 
            on r1_0.id=ur1_0.role_id 
    where
        ur1_0.user_id=?
Hibernate: 
    select
        count(n1_0.id) 
    from
        notifications n1_0 
    where
        n1_0.company_id=? 
        and n1_0.is_deleted=false 
        and n1_0.is_read=false 
        and (
            n1_0.target_user_id=? 
            or (
                n1_0.target_role in (?) 
                and n1_0.target_user_id is null
            )
        )
Hibernate: 
    select
        mc1_0.id,
        mc1_0.click_rate,
        mc1_0.content,
        mc1_0.cost,
        mc1_0.created_at,
        mc1_0.created_by,
        mc1_0.delivered_count,
        mc1_0.failed_count,
        mc1_0.open_rate,
        mc1_0.personalization,
        mc1_0.recipient_count,
        mc1_0.scheduled_at,
        mc1_0.sent_at,
        mc1_0.status,
        mc1_0.subject,
        mc1_0.template_id,
        mc1_0.type,
        mc1_0.updated_at,
        mc1_0.updated_by 
    from
        message_campaigns mc1_0 
    where
        mc1_0.status=? 
        and mc1_0.scheduled_at<?
Hibernate: 
    select
        u1_0.id,
        u1_0.created_at,
        u1_0.created_by,
        u1_0.email,
        u1_0.enabled,
        u1_0.password_hash,
        u1_0.updated_at,
        u1_0.updated_by,
        u1_0.username 
    from
        users u1_0 
    where
        u1_0.username=? 
        or u1_0.email=?
Hibernate: 
    select
        ur1_0.user_id,
        ur1_0.id,
        ur1_0.created_at,
        ur1_0.created_by,
        ur1_0.role_id,
        r1_0.id,
        r1_0.created_at,
        r1_0.created_by,
        r1_0.role_name,
        r1_0.updated_at,
        r1_0.updated_by,
        ur1_0.updated_at,
        ur1_0.updated_by 
    from
        user_roles ur1_0 
    left join
        roles r1_0 
            on r1_0.id=ur1_0.role_id 
    where
        ur1_0.user_id=?
Hibernate: 
    select
        count(n1_0.id) 
    from
        notifications n1_0 
    where
        n1_0.company_id=? 
        and n1_0.is_deleted=false 
        and n1_0.is_read=false 
        and (
            n1_0.target_user_id=? 
            or (
                n1_0.target_role in (?) 
                and n1_0.target_user_id is null
            )
        )
Hibernate: 
    select
        u1_0.id,
        u1_0.created_at,
        u1_0.created_by,
        u1_0.email,
        u1_0.enabled,
        u1_0.password_hash,
        u1_0.updated_at,
        u1_0.updated_by,
        u1_0.username 
    from
        users u1_0 
    where
        u1_0.username=? 
        or u1_0.email=?
Hibernate: 
    select
        ur1_0.user_id,
        ur1_0.id,
        ur1_0.created_at,
        ur1_0.created_by,
        ur1_0.role_id,
        r1_0.id,
        r1_0.created_at,
        r1_0.created_by,
        r1_0.role_name,
        r1_0.updated_at,
        r1_0.updated_by,
        ur1_0.updated_at,
        ur1_0.updated_by 
    from
        user_roles ur1_0 
    left join
        roles r1_0 
            on r1_0.id=ur1_0.role_id 
    where
        ur1_0.user_id=?
Hibernate: 
    select
        count(n1_0.id) 
    from
        notifications n1_0 
    where
        n1_0.company_id=? 
        and n1_0.is_deleted=false 
        and n1_0.is_read=false 
        and (
            n1_0.target_user_id=? 
            or (
                n1_0.target_role in (?) 
                and n1_0.target_user_id is null
            )
        )
Hibernate: 
    select
        mc1_0.id,
        mc1_0.click_rate,
        mc1_0.content,
        mc1_0.cost,
        mc1_0.created_at,
        mc1_0.created_by,
        mc1_0.delivered_count,
        mc1_0.failed_count,
        mc1_0.open_rate,
        mc1_0.personalization,
        mc1_0.recipient_count,
        mc1_0.scheduled_at,
        mc1_0.sent_at,
        mc1_0.status,
        mc1_0.subject,
        mc1_0.template_id,
        mc1_0.type,
        mc1_0.updated_at,
        mc1_0.updated_by 
    from
        message_campaigns mc1_0 
    where
        mc1_0.status=? 
        and mc1_0.scheduled_at<?
Hibernate: 
    select
        u1_0.id,
        u1_0.created_at,
        u1_0.created_by,
        u1_0.email,
        u1_0.enabled,
        u1_0.password_hash,
        u1_0.updated_at,
        u1_0.updated_by,
        u1_0.username 
    from
        users u1_0 
    where
        u1_0.username=? 
        or u1_0.email=?
Hibernate: 
    select
        ur1_0.user_id,
        ur1_0.id,
        ur1_0.created_at,
        ur1_0.created_by,
        ur1_0.role_id,
        r1_0.id,
        r1_0.created_at,
        r1_0.created_by,
        r1_0.role_name,
        r1_0.updated_at,
        r1_0.updated_by,
        ur1_0.updated_at,
        ur1_0.updated_by 
    from
        user_roles ur1_0 
    left join
        roles r1_0 
            on r1_0.id=ur1_0.role_id 
    where
        ur1_0.user_id=?
Hibernate: 
    select
        count(n1_0.id) 
    from
        notifications n1_0 
    where
        n1_0.company_id=? 
        and n1_0.is_deleted=false 
        and n1_0.is_read=false 
        and (
            n1_0.target_user_id=? 
            or (
                n1_0.target_role in (?) 
                and n1_0.target_user_id is null
            )
        )
Hibernate: 
    select
        u1_0.id,
        u1_0.created_at,
        u1_0.created_by,
        u1_0.email,
        u1_0.enabled,
        u1_0.password_hash,
        u1_0.updated_at,
        u1_0.updated_by,
        u1_0.username 
    from
        users u1_0 
    where
        u1_0.username=? 
        or u1_0.email=?
Hibernate: 
    select
        ur1_0.user_id,
        ur1_0.id,
        ur1_0.created_at,
        ur1_0.created_by,
        ur1_0.role_id,
        r1_0.id,
        r1_0.created_at,
        r1_0.created_by,
        r1_0.role_name,
        r1_0.updated_at,
        r1_0.updated_by,
        ur1_0.updated_at,
        ur1_0.updated_by 
    from
        user_roles ur1_0 
    left join
        roles r1_0 
            on r1_0.id=ur1_0.role_id 
    where
        ur1_0.user_id=?
Hibernate: 
    select
        count(n1_0.id) 
    from
        notifications n1_0 
    where
        n1_0.company_id=? 
        and n1_0.is_deleted=false 
        and n1_0.is_read=false 
        and (
            n1_0.target_user_id=? 
            or (
                n1_0.target_role in (?) 
                and n1_0.target_user_id is null
            )
        )
Hibernate: 
    select
        mc1_0.id,
        mc1_0.click_rate,
        mc1_0.content,
        mc1_0.cost,
        mc1_0.created_at,
        mc1_0.created_by,
        mc1_0.delivered_count,
        mc1_0.failed_count,
        mc1_0.open_rate,
        mc1_0.personalization,
        mc1_0.recipient_count,
        mc1_0.scheduled_at,
        mc1_0.sent_at,
        mc1_0.status,
        mc1_0.subject,
        mc1_0.template_id,
        mc1_0.type,
        mc1_0.updated_at,
        mc1_0.updated_by 
    from
        message_campaigns mc1_0 
    where
        mc1_0.status=? 
        and mc1_0.scheduled_at<?
Hibernate: 
    select
        u1_0.id,
        u1_0.created_at,
        u1_0.created_by,
        u1_0.email,
        u1_0.enabled,
        u1_0.password_hash,
        u1_0.updated_at,
        u1_0.updated_by,
        u1_0.username 
    from
        users u1_0 
    where
        u1_0.username=? 
        or u1_0.email=?
Hibernate: 
    select
        ur1_0.user_id,
        ur1_0.id,
        ur1_0.created_at,
        ur1_0.created_by,
        ur1_0.role_id,
        r1_0.id,
        r1_0.created_at,
        r1_0.created_by,
        r1_0.role_name,
        r1_0.updated_at,
        r1_0.updated_by,
        ur1_0.updated_at,
        ur1_0.updated_by 
    from
        user_roles ur1_0 
    left join
        roles r1_0 
            on r1_0.id=ur1_0.role_id 
    where
        ur1_0.user_id=?
Hibernate: 
    select
        count(n1_0.id) 
    from
        notifications n1_0 
    where
        n1_0.company_id=? 
        and n1_0.is_deleted=false 
        and n1_0.is_read=false 
        and (
            n1_0.target_user_id=? 
            or (
                n1_0.target_role in (?) 
                and n1_0.target_user_id is null
            )
        )
Hibernate: 
    select
        u1_0.id,
        u1_0.created_at,
        u1_0.created_by,
        u1_0.email,
        u1_0.enabled,
        u1_0.password_hash,
        u1_0.updated_at,
        u1_0.updated_by,
        u1_0.username 
    from
        users u1_0 
    where
        u1_0.username=? 
        or u1_0.email=?
Hibernate: 
    select
        ur1_0.user_id,
        ur1_0.id,
        ur1_0.created_at,
        ur1_0.created_by,
        ur1_0.role_id,
        r1_0.id,
        r1_0.created_at,
        r1_0.created_by,
        r1_0.role_name,
        r1_0.updated_at,
        r1_0.updated_by,
        ur1_0.updated_at,
        ur1_0.updated_by 
    from
        user_roles ur1_0 
    left join
        roles r1_0 
            on r1_0.id=ur1_0.role_id 
    where
        ur1_0.user_id=?
Hibernate: 
    select
        count(n1_0.id) 
    from
        notifications n1_0 
    where
        n1_0.company_id=? 
        and n1_0.is_deleted=false 
        and n1_0.is_read=false 
        and (
            n1_0.target_user_id=? 
            or (
                n1_0.target_role in (?) 
                and n1_0.target_user_id is null
            )
        )
Hibernate: 
    select
        mc1_0.id,
        mc1_0.click_rate,
        mc1_0.content,
        mc1_0.cost,
        mc1_0.created_at,
        mc1_0.created_by,
        mc1_0.delivered_count,
        mc1_0.failed_count,
        mc1_0.open_rate,
        mc1_0.personalization,
        mc1_0.recipient_count,
        mc1_0.scheduled_at,
        mc1_0.sent_at,
        mc1_0.status,
        mc1_0.subject,
        mc1_0.template_id,
        mc1_0.type,
        mc1_0.updated_at,
        mc1_0.updated_by 
    from
        message_campaigns mc1_0 
    where
        mc1_0.status=? 
        and mc1_0.scheduled_at<?
Hibernate: 
    select
        u1_0.id,
        u1_0.created_at,
        u1_0.created_by,
        u1_0.email,
        u1_0.enabled,
        u1_0.password_hash,
        u1_0.updated_at,
        u1_0.updated_by,
        u1_0.username 
    from
        users u1_0 
    where
        u1_0.username=? 
        or u1_0.email=?
Hibernate: 
    select
        ur1_0.user_id,
        ur1_0.id,
        ur1_0.created_at,
        ur1_0.created_by,
        ur1_0.role_id,
        r1_0.id,
        r1_0.created_at,
        r1_0.created_by,
        r1_0.role_name,
        r1_0.updated_at,
        r1_0.updated_by,
        ur1_0.updated_at,
        ur1_0.updated_by 
    from
        user_roles ur1_0 
    left join
        roles r1_0 
            on r1_0.id=ur1_0.role_id 
    where
        ur1_0.user_id=?
Hibernate: 
    select
        count(n1_0.id) 
    from
        notifications n1_0 
    where
        n1_0.company_id=? 
        and n1_0.is_deleted=false 
        and n1_0.is_read=false 
        and (
            n1_0.target_user_id=? 
            or (
                n1_0.target_role in (?) 
                and n1_0.target_user_id is null
            )
        )
Hibernate: 
    select
        u1_0.id,
        u1_0.created_at,
        u1_0.created_by,
        u1_0.email,
        u1_0.enabled,
        u1_0.password_hash,
        u1_0.updated_at,
        u1_0.updated_by,
        u1_0.username 
    from
        users u1_0 
    where
        u1_0.username=? 
        or u1_0.email=?
Hibernate: 
    select
        ur1_0.user_id,
        ur1_0.id,
        ur1_0.created_at,
        ur1_0.created_by,
        ur1_0.role_id,
        r1_0.id,
        r1_0.created_at,
        r1_0.created_by,
        r1_0.role_name,
        r1_0.updated_at,
        r1_0.updated_by,
        ur1_0.updated_at,
        ur1_0.updated_by 
    from
        user_roles ur1_0 
    left join
        roles r1_0 
            on r1_0.id=ur1_0.role_id 
    where
        ur1_0.user_id=?
Hibernate: 
    select
        count(n1_0.id) 
    from
        notifications n1_0 
    where
        n1_0.company_id=? 
        and n1_0.is_deleted=false 
        and n1_0.is_read=false 
        and (
            n1_0.target_user_id=? 
            or (
                n1_0.target_role in (?) 
                and n1_0.target_user_id is null
            )
        )
Hibernate: 
    select
        mc1_0.id,
        mc1_0.click_rate,
        mc1_0.content,
        mc1_0.cost,
        mc1_0.created_at,
        mc1_0.created_by,
        mc1_0.delivered_count,
        mc1_0.failed_count,
        mc1_0.open_rate,
        mc1_0.personalization,
        mc1_0.recipient_count,
        mc1_0.scheduled_at,
        mc1_0.sent_at,
        mc1_0.status,
        mc1_0.subject,
        mc1_0.template_id,
        mc1_0.type,
        mc1_0.updated_at,
        mc1_0.updated_by 
    from
        message_campaigns mc1_0 
    where
        mc1_0.status=? 
        and mc1_0.scheduled_at<?
Hibernate: 
    select
        u1_0.id,
        u1_0.created_at,
        u1_0.created_by,
        u1_0.email,
        u1_0.enabled,
        u1_0.password_hash,
        u1_0.updated_at,
        u1_0.updated_by,
        u1_0.username 
    from
        users u1_0 
    where
        u1_0.username=? 
        or u1_0.email=?
Hibernate: 
    select
        ur1_0.user_id,
        ur1_0.id,
        ur1_0.created_at,
        ur1_0.created_by,
        ur1_0.role_id,
        r1_0.id,
        r1_0.created_at,
        r1_0.created_by,
        r1_0.role_name,
        r1_0.updated_at,
        r1_0.updated_by,
        ur1_0.updated_at,
        ur1_0.updated_by 
    from
        user_roles ur1_0 
    left join
        roles r1_0 
            on r1_0.id=ur1_0.role_id 
    where
        ur1_0.user_id=?
Hibernate: 
    select
        count(n1_0.id) 
    from
        notifications n1_0 
    where
        n1_0.company_id=? 
        and n1_0.is_deleted=false 
        and n1_0.is_read=false 
        and (
            n1_0.target_user_id=? 
            or (
                n1_0.target_role in (?) 
                and n1_0.target_user_id is null
            )
        )
Hibernate: 
    select
        u1_0.id,
        u1_0.created_at,
        u1_0.created_by,
        u1_0.email,
        u1_0.enabled,
        u1_0.password_hash,
        u1_0.updated_at,
        u1_0.updated_by,
        u1_0.username 
    from
        users u1_0 
    where
        u1_0.username=? 
        or u1_0.email=?
Hibernate: 
    select
        ur1_0.user_id,
        ur1_0.id,
        ur1_0.created_at,
        ur1_0.created_by,
        ur1_0.role_id,
        r1_0.id,
        r1_0.created_at,
        r1_0.created_by,
        r1_0.role_name,
        r1_0.updated_at,
        r1_0.updated_by,
        ur1_0.updated_at,
        ur1_0.updated_by 
    from
        user_roles ur1_0 
    left join
        roles r1_0 
            on r1_0.id=ur1_0.role_id 
    where
        ur1_0.user_id=?
Hibernate: 
    select
        count(n1_0.id) 
    from
        notifications n1_0 
    where
        n1_0.company_id=? 
        and n1_0.is_deleted=false 
        and n1_0.is_read=false 
        and (
            n1_0.target_user_id=? 
            or (
                n1_0.target_role in (?) 
                and n1_0.target_user_id is null
            )
        )
Hibernate: 
    select
        mc1_0.id,
        mc1_0.click_rate,
        mc1_0.content,
        mc1_0.cost,
        mc1_0.created_at,
        mc1_0.created_by,
        mc1_0.delivered_count,
        mc1_0.failed_count,
        mc1_0.open_rate,
        mc1_0.personalization,
        mc1_0.recipient_count,
        mc1_0.scheduled_at,
        mc1_0.sent_at,
        mc1_0.status,
        mc1_0.subject,
        mc1_0.template_id,
        mc1_0.type,
        mc1_0.updated_at,
        mc1_0.updated_by 
    from
        message_campaigns mc1_0 
    where
        mc1_0.status=? 
        and mc1_0.scheduled_at<?
Hibernate: 
    select
        u1_0.id,
        u1_0.created_at,
        u1_0.created_by,
        u1_0.email,
        u1_0.enabled,
        u1_0.password_hash,
        u1_0.updated_at,
        u1_0.updated_by,
        u1_0.username 
    from
        users u1_0 
    where
        u1_0.username=? 
        or u1_0.email=?
Hibernate: 
    select
        ur1_0.user_id,
        ur1_0.id,
        ur1_0.created_at,
        ur1_0.created_by,
        ur1_0.role_id,
        r1_0.id,
        r1_0.created_at,
        r1_0.created_by,
        r1_0.role_name,
        r1_0.updated_at,
        r1_0.updated_by,
        ur1_0.updated_at,
        ur1_0.updated_by 
    from
        user_roles ur1_0 
    left join
        roles r1_0 
            on r1_0.id=ur1_0.role_id 
    where
        ur1_0.user_id=?
Hibernate: 
    select
        count(n1_0.id) 
    from
        notifications n1_0 
    where
        n1_0.company_id=? 
        and n1_0.is_deleted=false 
        and n1_0.is_read=false 
        and (
            n1_0.target_user_id=? 
            or (
                n1_0.target_role in (?) 
                and n1_0.target_user_id is null
            )
        )
Hibernate: 
    select
        u1_0.id,
        u1_0.created_at,
        u1_0.created_by,
        u1_0.email,
        u1_0.enabled,
        u1_0.password_hash,
        u1_0.updated_at,
        u1_0.updated_by,
        u1_0.username 
    from
        users u1_0 
    where
        u1_0.username=? 
        or u1_0.email=?
Hibernate: 
    select
        ur1_0.user_id,
        ur1_0.id,
        ur1_0.created_at,
        ur1_0.created_by,
        ur1_0.role_id,
        r1_0.id,
        r1_0.created_at,
        r1_0.created_by,
        r1_0.role_name,
        r1_0.updated_at,
        r1_0.updated_by,
        ur1_0.updated_at,
        ur1_0.updated_by 
    from
        user_roles ur1_0 
    left join
        roles r1_0 
            on r1_0.id=ur1_0.role_id 
    where
        ur1_0.user_id=?
Hibernate: 
    select
        count(n1_0.id) 
    from
        notifications n1_0 
    where
        n1_0.company_id=? 
        and n1_0.is_deleted=false 
        and n1_0.is_read=false 
        and (
            n1_0.target_user_id=? 
            or (
                n1_0.target_role in (?) 
                and n1_0.target_user_id is null
            )
        )
Hibernate: 
    select
        mc1_0.id,
        mc1_0.click_rate,
        mc1_0.content,
        mc1_0.cost,
        mc1_0.created_at,
        mc1_0.created_by,
        mc1_0.delivered_count,
        mc1_0.failed_count,
        mc1_0.open_rate,
        mc1_0.personalization,
        mc1_0.recipient_count,
        mc1_0.scheduled_at,
        mc1_0.sent_at,
        mc1_0.status,
        mc1_0.subject,
        mc1_0.template_id,
        mc1_0.type,
        mc1_0.updated_at,
        mc1_0.updated_by 
    from
        message_campaigns mc1_0 
    where
        mc1_0.status=? 
        and mc1_0.scheduled_at<?
Hibernate: 
    select
        u1_0.id,
        u1_0.created_at,
        u1_0.created_by,
        u1_0.email,
        u1_0.enabled,
        u1_0.password_hash,
        u1_0.updated_at,
        u1_0.updated_by,
        u1_0.username 
    from
        users u1_0 
    where
        u1_0.username=? 
        or u1_0.email=?
Hibernate: 
    select
        ur1_0.user_id,
        ur1_0.id,
        ur1_0.created_at,
        ur1_0.created_by,
        ur1_0.role_id,
        r1_0.id,
        r1_0.created_at,
        r1_0.created_by,
        r1_0.role_name,
        r1_0.updated_at,
        r1_0.updated_by,
        ur1_0.updated_at,
        ur1_0.updated_by 
    from
        user_roles ur1_0 
    left join
        roles r1_0 
            on r1_0.id=ur1_0.role_id 
    where
        ur1_0.user_id=?
Hibernate: 
    select
        count(n1_0.id) 
    from
        notifications n1_0 
    where
        n1_0.company_id=? 
        and n1_0.is_deleted=false 
        and n1_0.is_read=false 
        and (
            n1_0.target_user_id=? 
            or (
                n1_0.target_role in (?) 
                and n1_0.target_user_id is null
            )
        )
Hibernate: 
    select
        u1_0.id,
        u1_0.created_at,
        u1_0.created_by,
        u1_0.email,
        u1_0.enabled,
        u1_0.password_hash,
        u1_0.updated_at,
        u1_0.updated_by,
        u1_0.username 
    from
        users u1_0 
    where
        u1_0.username=? 
        or u1_0.email=?
Hibernate: 
    select
        ur1_0.user_id,
        ur1_0.id,
        ur1_0.created_at,
        ur1_0.created_by,
        ur1_0.role_id,
        r1_0.id,
        r1_0.created_at,
        r1_0.created_by,
        r1_0.role_name,
        r1_0.updated_at,
        r1_0.updated_by,
        ur1_0.updated_at,
        ur1_0.updated_by 
    from
        user_roles ur1_0 
    left join
        roles r1_0 
            on r1_0.id=ur1_0.role_id 
    where
        ur1_0.user_id=?
Hibernate: 
    select
        count(n1_0.id) 
    from
        notifications n1_0 
    where
        n1_0.company_id=? 
        and n1_0.is_deleted=false 
        and n1_0.is_read=false 
        and (
            n1_0.target_user_id=? 
            or (
                n1_0.target_role in (?) 
                and n1_0.target_user_id is null
            )
        )
Hibernate: 
    select
        mc1_0.id,
        mc1_0.click_rate,
        mc1_0.content,
        mc1_0.cost,
        mc1_0.created_at,
        mc1_0.created_by,
        mc1_0.delivered_count,
        mc1_0.failed_count,
        mc1_0.open_rate,
        mc1_0.personalization,
        mc1_0.recipient_count,
        mc1_0.scheduled_at,
        mc1_0.sent_at,
        mc1_0.status,
        mc1_0.subject,
        mc1_0.template_id,
        mc1_0.type,
        mc1_0.updated_at,
        mc1_0.updated_by 
    from
        message_campaigns mc1_0 
    where
        mc1_0.status=? 
        and mc1_0.scheduled_at<?
Hibernate: 
    select
        u1_0.id,
        u1_0.created_at,
        u1_0.created_by,
        u1_0.email,
        u1_0.enabled,
        u1_0.password_hash,
        u1_0.updated_at,
        u1_0.updated_by,
        u1_0.username 
    from
        users u1_0 
    where
        u1_0.username=? 
        or u1_0.email=?
Hibernate: 
    select
        ur1_0.user_id,
        ur1_0.id,
        ur1_0.created_at,
        ur1_0.created_by,
        ur1_0.role_id,
        r1_0.id,
        r1_0.created_at,
        r1_0.created_by,
        r1_0.role_name,
        r1_0.updated_at,
        r1_0.updated_by,
        ur1_0.updated_at,
        ur1_0.updated_by 
    from
        user_roles ur1_0 
    left join
        roles r1_0 
            on r1_0.id=ur1_0.role_id 
    where
        ur1_0.user_id=?
Hibernate: 
    select
        count(n1_0.id) 
    from
        notifications n1_0 
    where
        n1_0.company_id=? 
        and n1_0.is_deleted=false 
        and n1_0.is_read=false 
        and (
            n1_0.target_user_id=? 
            or (
                n1_0.target_role in (?) 
                and n1_0.target_user_id is null
            )
        )
Hibernate: 
    select
        u1_0.id,
        u1_0.created_at,
        u1_0.created_by,
        u1_0.email,
        u1_0.enabled,
        u1_0.password_hash,
        u1_0.updated_at,
        u1_0.updated_by,
        u1_0.username 
    from
        users u1_0 
    where
        u1_0.username=? 
        or u1_0.email=?
Hibernate: 
    select
        ur1_0.user_id,
        ur1_0.id,
        ur1_0.created_at,
        ur1_0.created_by,
        ur1_0.role_id,
        r1_0.id,
        r1_0.created_at,
        r1_0.created_by,
        r1_0.role_name,
        r1_0.updated_at,
        r1_0.updated_by,
        ur1_0.updated_at,
        ur1_0.updated_by 
    from
        user_roles ur1_0 
    left join
        roles r1_0 
            on r1_0.id=ur1_0.role_id 
    where
        ur1_0.user_id=?
Hibernate: 
    select
        count(n1_0.id) 
    from
        notifications n1_0 
    where
        n1_0.company_id=? 
        and n1_0.is_deleted=false 
        and n1_0.is_read=false 
        and (
            n1_0.target_user_id=? 
            or (
                n1_0.target_role in (?) 
                and n1_0.target_user_id is null
            )
        )
Hibernate: 
    select
        mc1_0.id,
        mc1_0.click_rate,
        mc1_0.content,
        mc1_0.cost,
        mc1_0.created_at,
        mc1_0.created_by,
        mc1_0.delivered_count,
        mc1_0.failed_count,
        mc1_0.open_rate,
        mc1_0.personalization,
        mc1_0.recipient_count,
        mc1_0.scheduled_at,
        mc1_0.sent_at,
        mc1_0.status,
        mc1_0.subject,
        mc1_0.template_id,
        mc1_0.type,
        mc1_0.updated_at,
        mc1_0.updated_by 
    from
        message_campaigns mc1_0 
    where
        mc1_0.status=? 
        and mc1_0.scheduled_at<?
Hibernate: 
    select
        u1_0.id,
        u1_0.created_at,
        u1_0.created_by,
        u1_0.email,
        u1_0.enabled,
        u1_0.password_hash,
        u1_0.updated_at,
        u1_0.updated_by,
        u1_0.username 
    from
        users u1_0 
    where
        u1_0.username=? 
        or u1_0.email=?
Hibernate: 
    select
        ur1_0.user_id,
        ur1_0.id,
        ur1_0.created_at,
        ur1_0.created_by,
        ur1_0.role_id,
        r1_0.id,
        r1_0.created_at,
        r1_0.created_by,
        r1_0.role_name,
        r1_0.updated_at,
        r1_0.updated_by,
        ur1_0.updated_at,
        ur1_0.updated_by 
    from
        user_roles ur1_0 
    left join
        roles r1_0 
            on r1_0.id=ur1_0.role_id 
    where
        ur1_0.user_id=?
Hibernate: 
    select
        count(n1_0.id) 
    from
        notifications n1_0 
    where
        n1_0.company_id=? 
        and n1_0.is_deleted=false 
        and n1_0.is_read=false 
        and (
            n1_0.target_user_id=? 
            or (
                n1_0.target_role in (?) 
                and n1_0.target_user_id is null
            )
        )
Hibernate: 
    select
        u1_0.id,
        u1_0.created_at,
        u1_0.created_by,
        u1_0.email,
        u1_0.enabled,
        u1_0.password_hash,
        u1_0.updated_at,
        u1_0.updated_by,
        u1_0.username 
    from
        users u1_0 
    where
        u1_0.username=? 
        or u1_0.email=?
Hibernate: 
    select
        ur1_0.user_id,
        ur1_0.id,
        ur1_0.created_at,
        ur1_0.created_by,
        ur1_0.role_id,
        r1_0.id,
        r1_0.created_at,
        r1_0.created_by,
        r1_0.role_name,
        r1_0.updated_at,
        r1_0.updated_by,
        ur1_0.updated_at,
        ur1_0.updated_by 
    from
        user_roles ur1_0 
    left join
        roles r1_0 
            on r1_0.id=ur1_0.role_id 
    where
        ur1_0.user_id=?
Hibernate: 
    select
        count(n1_0.id) 
    from
        notifications n1_0 
    where
        n1_0.company_id=? 
        and n1_0.is_deleted=false 
        and n1_0.is_read=false 
        and (
            n1_0.target_user_id=? 
            or (
                n1_0.target_role in (?) 
                and n1_0.target_user_id is null
            )
        )
Hibernate: 
    select
        mc1_0.id,
        mc1_0.click_rate,
        mc1_0.content,
        mc1_0.cost,
        mc1_0.created_at,
        mc1_0.created_by,
        mc1_0.delivered_count,
        mc1_0.failed_count,
        mc1_0.open_rate,
        mc1_0.personalization,
        mc1_0.recipient_count,
        mc1_0.scheduled_at,
        mc1_0.sent_at,
        mc1_0.status,
        mc1_0.subject,
        mc1_0.template_id,
        mc1_0.type,
        mc1_0.updated_at,
        mc1_0.updated_by 
    from
        message_campaigns mc1_0 
    where
        mc1_0.status=? 
        and mc1_0.scheduled_at<?
Hibernate: 
    select
        u1_0.id,
        u1_0.created_at,
        u1_0.created_by,
        u1_0.email,
        u1_0.enabled,
        u1_0.password_hash,
        u1_0.updated_at,
        u1_0.updated_by,
        u1_0.username 
    from
        users u1_0 
    where
        u1_0.username=? 
        or u1_0.email=?
Hibernate: 
    select
        ur1_0.user_id,
        ur1_0.id,
        ur1_0.created_at,
        ur1_0.created_by,
        ur1_0.role_id,
        r1_0.id,
        r1_0.created_at,
        r1_0.created_by,
        r1_0.role_name,
        r1_0.updated_at,
        r1_0.updated_by,
        ur1_0.updated_at,
        ur1_0.updated_by 
    from
        user_roles ur1_0 
    left join
        roles r1_0 
            on r1_0.id=ur1_0.role_id 
    where
        ur1_0.user_id=?
Hibernate: 
    select
        count(n1_0.id) 
    from
        notifications n1_0 
    where
        n1_0.company_id=? 
        and n1_0.is_deleted=false 
        and n1_0.is_read=false 
        and (
            n1_0.target_user_id=? 
            or (
                n1_0.target_role in (?) 
                and n1_0.target_user_id is null
            )
        )
Hibernate: 
    select
        u1_0.id,
        u1_0.created_at,
        u1_0.created_by,
        u1_0.email,
        u1_0.enabled,
        u1_0.password_hash,
        u1_0.updated_at,
        u1_0.updated_by,
        u1_0.username 
    from
        users u1_0 
    where
        u1_0.username=? 
        or u1_0.email=?
Hibernate: 
    select
        ur1_0.user_id,
        ur1_0.id,
        ur1_0.created_at,
        ur1_0.created_by,
        ur1_0.role_id,
        r1_0.id,
        r1_0.created_at,
        r1_0.created_by,
        r1_0.role_name,
        r1_0.updated_at,
        r1_0.updated_by,
        ur1_0.updated_at,
        ur1_0.updated_by 
    from
        user_roles ur1_0 
    left join
        roles r1_0 
            on r1_0.id=ur1_0.role_id 
    where
        ur1_0.user_id=?
Hibernate: 
    select
        count(n1_0.id) 
    from
        notifications n1_0 
    where
        n1_0.company_id=? 
        and n1_0.is_deleted=false 
        and n1_0.is_read=false 
        and (
            n1_0.target_user_id=? 
            or (
                n1_0.target_role in (?) 
                and n1_0.target_user_id is null
            )
        )
Hibernate: 
    select
        mc1_0.id,
        mc1_0.click_rate,
        mc1_0.content,
        mc1_0.cost,
        mc1_0.created_at,
        mc1_0.created_by,
        mc1_0.delivered_count,
        mc1_0.failed_count,
        mc1_0.open_rate,
        mc1_0.personalization,
        mc1_0.recipient_count,
        mc1_0.scheduled_at,
        mc1_0.sent_at,
        mc1_0.status,
        mc1_0.subject,
        mc1_0.template_id,
        mc1_0.type,
        mc1_0.updated_at,
        mc1_0.updated_by 
    from
        message_campaigns mc1_0 
    where
        mc1_0.status=? 
        and mc1_0.scheduled_at<?
Hibernate: 
    select
        u1_0.id,
        u1_0.created_at,
        u1_0.created_by,
        u1_0.email,
        u1_0.enabled,
        u1_0.password_hash,
        u1_0.updated_at,
        u1_0.updated_by,
        u1_0.username 
    from
        users u1_0 
    where
        u1_0.username=? 
        or u1_0.email=?
Hibernate: 
    select
        ur1_0.user_id,
        ur1_0.id,
        ur1_0.created_at,
        ur1_0.created_by,
        ur1_0.role_id,
        r1_0.id,
        r1_0.created_at,
        r1_0.created_by,
        r1_0.role_name,
        r1_0.updated_at,
        r1_0.updated_by,
        ur1_0.updated_at,
        ur1_0.updated_by 
    from
        user_roles ur1_0 
    left join
        roles r1_0 
            on r1_0.id=ur1_0.role_id 
    where
        ur1_0.user_id=?
Hibernate: 
    select
        count(n1_0.id) 
    from
        notifications n1_0 
    where
        n1_0.company_id=? 
        and n1_0.is_deleted=false 
        and n1_0.is_read=false 
        and (
            n1_0.target_user_id=? 
            or (
                n1_0.target_role in (?) 
                and n1_0.target_user_id is null
            )
        )
Hibernate: 
    select
        u1_0.id,
        u1_0.created_at,
        u1_0.created_by,
        u1_0.email,
        u1_0.enabled,
        u1_0.password_hash,
        u1_0.updated_at,
        u1_0.updated_by,
        u1_0.username 
    from
        users u1_0 
    where
        u1_0.username=? 
        or u1_0.email=?
Hibernate: 
    select
        ur1_0.user_id,
        ur1_0.id,
        ur1_0.created_at,
        ur1_0.created_by,
        ur1_0.role_id,
        r1_0.id,
        r1_0.created_at,
        r1_0.created_by,
        r1_0.role_name,
        r1_0.updated_at,
        r1_0.updated_by,
        ur1_0.updated_at,
        ur1_0.updated_by 
    from
        user_roles ur1_0 
    left join
        roles r1_0 
            on r1_0.id=ur1_0.role_id 
    where
        ur1_0.user_id=?
Hibernate: 
    select
        count(n1_0.id) 
    from
        notifications n1_0 
    where
        n1_0.company_id=? 
        and n1_0.is_deleted=false 
        and n1_0.is_read=false 
        and (
            n1_0.target_user_id=? 
            or (
                n1_0.target_role in (?) 
                and n1_0.target_user_id is null
            )
        )
Hibernate: 
    select
        mc1_0.id,
        mc1_0.click_rate,
        mc1_0.content,
        mc1_0.cost,
        mc1_0.created_at,
        mc1_0.created_by,
        mc1_0.delivered_count,
        mc1_0.failed_count,
        mc1_0.open_rate,
        mc1_0.personalization,
        mc1_0.recipient_count,
        mc1_0.scheduled_at,
        mc1_0.sent_at,
        mc1_0.status,
        mc1_0.subject,
        mc1_0.template_id,
        mc1_0.type,
        mc1_0.updated_at,
        mc1_0.updated_by 
    from
        message_campaigns mc1_0 
    where
        mc1_0.status=? 
        and mc1_0.scheduled_at<?
Hibernate: 
    select
        u1_0.id,
        u1_0.created_at,
        u1_0.created_by,
        u1_0.email,
        u1_0.enabled,
        u1_0.password_hash,
        u1_0.updated_at,
        u1_0.updated_by,
        u1_0.username 
    from
        users u1_0 
    where
        u1_0.username=? 
        or u1_0.email=?
Hibernate: 
    select
        ur1_0.user_id,
        ur1_0.id,
        ur1_0.created_at,
        ur1_0.created_by,
        ur1_0.role_id,
        r1_0.id,
        r1_0.created_at,
        r1_0.created_by,
        r1_0.role_name,
        r1_0.updated_at,
        r1_0.updated_by,
        ur1_0.updated_at,
        ur1_0.updated_by 
    from
        user_roles ur1_0 
    left join
        roles r1_0 
            on r1_0.id=ur1_0.role_id 
    where
        ur1_0.user_id=?
Hibernate: 
    select
        count(n1_0.id) 
    from
        notifications n1_0 
    where
        n1_0.company_id=? 
        and n1_0.is_deleted=false 
        and n1_0.is_read=false 
        and (
            n1_0.target_user_id=? 
            or (
                n1_0.target_role in (?) 
                and n1_0.target_user_id is null
            )
        )
Hibernate: 
    select
        u1_0.id,
        u1_0.created_at,
        u1_0.created_by,
        u1_0.email,
        u1_0.enabled,
        u1_0.password_hash,
        u1_0.updated_at,
        u1_0.updated_by,
        u1_0.username 
    from
        users u1_0 
    where
        u1_0.username=? 
        or u1_0.email=?
Hibernate: 
    select
        ur1_0.user_id,
        ur1_0.id,
        ur1_0.created_at,
        ur1_0.created_by,
        ur1_0.role_id,
        r1_0.id,
        r1_0.created_at,
        r1_0.created_by,
        r1_0.role_name,
        r1_0.updated_at,
        r1_0.updated_by,
        ur1_0.updated_at,
        ur1_0.updated_by 
    from
        user_roles ur1_0 
    left join
        roles r1_0 
            on r1_0.id=ur1_0.role_id 
    where
        ur1_0.user_id=?
Hibernate: 
    select
        count(n1_0.id) 
    from
        notifications n1_0 
    where
        n1_0.company_id=? 
        and n1_0.is_deleted=false 
        and n1_0.is_read=false 
        and (
            n1_0.target_user_id=? 
            or (
                n1_0.target_role in (?) 
                and n1_0.target_user_id is null
            )
        )
Hibernate: 
    select
        mc1_0.id,
        mc1_0.click_rate,
        mc1_0.content,
        mc1_0.cost,
        mc1_0.created_at,
        mc1_0.created_by,
        mc1_0.delivered_count,
        mc1_0.failed_count,
        mc1_0.open_rate,
        mc1_0.personalization,
        mc1_0.recipient_count,
        mc1_0.scheduled_at,
        mc1_0.sent_at,
        mc1_0.status,
        mc1_0.subject,
        mc1_0.template_id,
        mc1_0.type,
        mc1_0.updated_at,
        mc1_0.updated_by 
    from
        message_campaigns mc1_0 
    where
        mc1_0.status=? 
        and mc1_0.scheduled_at<?
Hibernate: 
    select
        u1_0.id,
        u1_0.created_at,
        u1_0.created_by,
        u1_0.email,
        u1_0.enabled,
        u1_0.password_hash,
        u1_0.updated_at,
        u1_0.updated_by,
        u1_0.username 
    from
        users u1_0 
    where
        u1_0.username=? 
        or u1_0.email=?
Hibernate: 
    select
        ur1_0.user_id,
        ur1_0.id,
        ur1_0.created_at,
        ur1_0.created_by,
        ur1_0.role_id,
        r1_0.id,
        r1_0.created_at,
        r1_0.created_by,
        r1_0.role_name,
        r1_0.updated_at,
        r1_0.updated_by,
        ur1_0.updated_at,
        ur1_0.updated_by 
    from
        user_roles ur1_0 
    left join
        roles r1_0 
            on r1_0.id=ur1_0.role_id 
    where
        ur1_0.user_id=?
Hibernate: 
    select
        count(n1_0.id) 
    from
        notifications n1_0 
    where
        n1_0.company_id=? 
        and n1_0.is_deleted=false 
        and n1_0.is_read=false 
        and (
            n1_0.target_user_id=? 
            or (
                n1_0.target_role in (?) 
                and n1_0.target_user_id is null
            )
        )
Hibernate: 
    select
        u1_0.id,
        u1_0.created_at,
        u1_0.created_by,
        u1_0.email,
        u1_0.enabled,
        u1_0.password_hash,
        u1_0.updated_at,
        u1_0.updated_by,
        u1_0.username 
    from
        users u1_0 
    where
        u1_0.username=? 
        or u1_0.email=?
Hibernate: 
    select
        ur1_0.user_id,
        ur1_0.id,
        ur1_0.created_at,
        ur1_0.created_by,
        ur1_0.role_id,
        r1_0.id,
        r1_0.created_at,
        r1_0.created_by,
        r1_0.role_name,
        r1_0.updated_at,
        r1_0.updated_by,
        ur1_0.updated_at,
        ur1_0.updated_by 
    from
        user_roles ur1_0 
    left join
        roles r1_0 
            on r1_0.id=ur1_0.role_id 
    where
        ur1_0.user_id=?
Hibernate: 
    select
        count(n1_0.id) 
    from
        notifications n1_0 
    where
        n1_0.company_id=? 
        and n1_0.is_deleted=false 
        and n1_0.is_read=false 
        and (
            n1_0.target_user_id=? 
            or (
                n1_0.target_role in (?) 
                and n1_0.target_user_id is null
            )
        )
Hibernate: 
    select
        mc1_0.id,
        mc1_0.click_rate,
        mc1_0.content,
        mc1_0.cost,
        mc1_0.created_at,
        mc1_0.created_by,
        mc1_0.delivered_count,
        mc1_0.failed_count,
        mc1_0.open_rate,
        mc1_0.personalization,
        mc1_0.recipient_count,
        mc1_0.scheduled_at,
        mc1_0.sent_at,
        mc1_0.status,
        mc1_0.subject,
        mc1_0.template_id,
        mc1_0.type,
        mc1_0.updated_at,
        mc1_0.updated_by 
    from
        message_campaigns mc1_0 
    where
        mc1_0.status=? 
        and mc1_0.scheduled_at<?
Hibernate: 
    select
        u1_0.id,
        u1_0.created_at,
        u1_0.created_by,
        u1_0.email,
        u1_0.enabled,
        u1_0.password_hash,
        u1_0.updated_at,
        u1_0.updated_by,
        u1_0.username 
    from
        users u1_0 
    where
        u1_0.username=? 
        or u1_0.email=?
Hibernate: 
    select
        ur1_0.user_id,
        ur1_0.id,
        ur1_0.created_at,
        ur1_0.created_by,
        ur1_0.role_id,
        r1_0.id,
        r1_0.created_at,
        r1_0.created_by,
        r1_0.role_name,
        r1_0.updated_at,
        r1_0.updated_by,
        ur1_0.updated_at,
        ur1_0.updated_by 
    from
        user_roles ur1_0 
    left join
        roles r1_0 
            on r1_0.id=ur1_0.role_id 
    where
        ur1_0.user_id=?
Hibernate: 
    select
        count(n1_0.id) 
    from
        notifications n1_0 
    where
        n1_0.company_id=? 
        and n1_0.is_deleted=false 
        and n1_0.is_read=false 
        and (
            n1_0.target_user_id=? 
            or (
                n1_0.target_role in (?) 
                and n1_0.target_user_id is null
            )
        )
Hibernate: 
    select
        u1_0.id,
        u1_0.created_at,
        u1_0.created_by,
        u1_0.email,
        u1_0.enabled,
        u1_0.password_hash,
        u1_0.updated_at,
        u1_0.updated_by,
        u1_0.username 
    from
        users u1_0 
    where
        u1_0.username=? 
        or u1_0.email=?
Hibernate: 
    select
        ur1_0.user_id,
        ur1_0.id,
        ur1_0.created_at,
        ur1_0.created_by,
        ur1_0.role_id,
        r1_0.id,
        r1_0.created_at,
        r1_0.created_by,
        r1_0.role_name,
        r1_0.updated_at,
        r1_0.updated_by,
        ur1_0.updated_at,
        ur1_0.updated_by 
    from
        user_roles ur1_0 
    left join
        roles r1_0 
            on r1_0.id=ur1_0.role_id 
    where
        ur1_0.user_id=?
Hibernate: 
    select
        count(n1_0.id) 
    from
        notifications n1_0 
    where
        n1_0.company_id=? 
        and n1_0.is_deleted=false 
        and n1_0.is_read=false 
        and (
            n1_0.target_user_id=? 
            or (
                n1_0.target_role in (?) 
                and n1_0.target_user_id is null
            )
        )
Hibernate: 
    select
        mc1_0.id,
        mc1_0.click_rate,
        mc1_0.content,
        mc1_0.cost,
        mc1_0.created_at,
        mc1_0.created_by,
        mc1_0.delivered_count,
        mc1_0.failed_count,
        mc1_0.open_rate,
        mc1_0.personalization,
        mc1_0.recipient_count,
        mc1_0.scheduled_at,
        mc1_0.sent_at,
        mc1_0.status,
        mc1_0.subject,
        mc1_0.template_id,
        mc1_0.type,
        mc1_0.updated_at,
        mc1_0.updated_by 
    from
        message_campaigns mc1_0 
    where
        mc1_0.status=? 
        and mc1_0.scheduled_at<?
Hibernate: 
    select
        u1_0.id,
        u1_0.created_at,
        u1_0.created_by,
        u1_0.email,
        u1_0.enabled,
        u1_0.password_hash,
        u1_0.updated_at,
        u1_0.updated_by,
        u1_0.username 
    from
        users u1_0 
    where
        u1_0.username=? 
        or u1_0.email=?
Hibernate: 
    select
        ur1_0.user_id,
        ur1_0.id,
        ur1_0.created_at,
        ur1_0.created_by,
        ur1_0.role_id,
        r1_0.id,
        r1_0.created_at,
        r1_0.created_by,
        r1_0.role_name,
        r1_0.updated_at,
        r1_0.updated_by,
        ur1_0.updated_at,
        ur1_0.updated_by 
    from
        user_roles ur1_0 
    left join
        roles r1_0 
            on r1_0.id=ur1_0.role_id 
    where
        ur1_0.user_id=?
Hibernate: 
    select
        count(n1_0.id) 
    from
        notifications n1_0 
    where
        n1_0.company_id=? 
        and n1_0.is_deleted=false 
        and n1_0.is_read=false 
        and (
            n1_0.target_user_id=? 
            or (
                n1_0.target_role in (?) 
                and n1_0.target_user_id is null
            )
        )
Hibernate: 
    select
        u1_0.id,
        u1_0.created_at,
        u1_0.created_by,
        u1_0.email,
        u1_0.enabled,
        u1_0.password_hash,
        u1_0.updated_at,
        u1_0.updated_by,
        u1_0.username 
    from
        users u1_0 
    where
        u1_0.username=? 
        or u1_0.email=?
Hibernate: 
    select
        ur1_0.user_id,
        ur1_0.id,
        ur1_0.created_at,
        ur1_0.created_by,
        ur1_0.role_id,
        r1_0.id,
        r1_0.created_at,
        r1_0.created_by,
        r1_0.role_name,
        r1_0.updated_at,
        r1_0.updated_by,
        ur1_0.updated_at,
        ur1_0.updated_by 
    from
        user_roles ur1_0 
    left join
        roles r1_0 
            on r1_0.id=ur1_0.role_id 
    where
        ur1_0.user_id=?
Hibernate: 
    select
        count(n1_0.id) 
    from
        notifications n1_0 
    where
        n1_0.company_id=? 
        and n1_0.is_deleted=false 
        and n1_0.is_read=false 
        and (
            n1_0.target_user_id=? 
            or (
                n1_0.target_role in (?) 
                and n1_0.target_user_id is null
            )
        )
Hibernate: 
    select
        mc1_0.id,
        mc1_0.click_rate,
        mc1_0.content,
        mc1_0.cost,
        mc1_0.created_at,
        mc1_0.created_by,
        mc1_0.delivered_count,
        mc1_0.failed_count,
        mc1_0.open_rate,
        mc1_0.personalization,
        mc1_0.recipient_count,
        mc1_0.scheduled_at,
        mc1_0.sent_at,
        mc1_0.status,
        mc1_0.subject,
        mc1_0.template_id,
        mc1_0.type,
        mc1_0.updated_at,
        mc1_0.updated_by 
    from
        message_campaigns mc1_0 
    where
        mc1_0.status=? 
        and mc1_0.scheduled_at<?
Hibernate: 
    select
        u1_0.id,
        u1_0.created_at,
        u1_0.created_by,
        u1_0.email,
        u1_0.enabled,
        u1_0.password_hash,
        u1_0.updated_at,
        u1_0.updated_by,
        u1_0.username 
    from
        users u1_0 
    where
        u1_0.username=? 
        or u1_0.email=?
Hibernate: 
    select
        ur1_0.user_id,
        ur1_0.id,
        ur1_0.created_at,
        ur1_0.created_by,
        ur1_0.role_id,
        r1_0.id,
        r1_0.created_at,
        r1_0.created_by,
        r1_0.role_name,
        r1_0.updated_at,
        r1_0.updated_by,
        ur1_0.updated_at,
        ur1_0.updated_by 
    from
        user_roles ur1_0 
    left join
        roles r1_0 
            on r1_0.id=ur1_0.role_id 
    where
        ur1_0.user_id=?
Hibernate: 
    select
        count(n1_0.id) 
    from
        notifications n1_0 
    where
        n1_0.company_id=? 
        and n1_0.is_deleted=false 
        and n1_0.is_read=false 
        and (
            n1_0.target_user_id=? 
            or (
                n1_0.target_role in (?) 
                and n1_0.target_user_id is null
            )
        )
Hibernate: 
    select
        u1_0.id,
        u1_0.created_at,
        u1_0.created_by,
        u1_0.email,
        u1_0.enabled,
        u1_0.password_hash,
        u1_0.updated_at,
        u1_0.updated_by,
        u1_0.username 
    from
        users u1_0 
    where
        u1_0.username=? 
        or u1_0.email=?
Hibernate: 
    select
        ur1_0.user_id,
        ur1_0.id,
        ur1_0.created_at,
        ur1_0.created_by,
        ur1_0.role_id,
        r1_0.id,
        r1_0.created_at,
        r1_0.created_by,
        r1_0.role_name,
        r1_0.updated_at,
        r1_0.updated_by,
        ur1_0.updated_at,
        ur1_0.updated_by 
    from
        user_roles ur1_0 
    left join
        roles r1_0 
            on r1_0.id=ur1_0.role_id 
    where
        ur1_0.user_id=?
Hibernate: 
    select
        count(n1_0.id) 
    from
        notifications n1_0 
    where
        n1_0.company_id=? 
        and n1_0.is_deleted=false 
        and n1_0.is_read=false 
        and (
            n1_0.target_user_id=? 
            or (
                n1_0.target_role in (?) 
                and n1_0.target_user_id is null
            )
        )
Hibernate: 
    select
        mc1_0.id,
        mc1_0.click_rate,
        mc1_0.content,
        mc1_0.cost,
        mc1_0.created_at,
        mc1_0.created_by,
        mc1_0.delivered_count,
        mc1_0.failed_count,
        mc1_0.open_rate,
        mc1_0.personalization,
        mc1_0.recipient_count,
        mc1_0.scheduled_at,
        mc1_0.sent_at,
        mc1_0.status,
        mc1_0.subject,
        mc1_0.template_id,
        mc1_0.type,
        mc1_0.updated_at,
        mc1_0.updated_by 
    from
        message_campaigns mc1_0 
    where
        mc1_0.status=? 
        and mc1_0.scheduled_at<?
Hibernate: 
    select
        u1_0.id,
        u1_0.created_at,
        u1_0.created_by,
        u1_0.email,
        u1_0.enabled,
        u1_0.password_hash,
        u1_0.updated_at,
        u1_0.updated_by,
        u1_0.username 
    from
        users u1_0 
    where
        u1_0.username=? 
        or u1_0.email=?
Hibernate: 
    select
        ur1_0.user_id,
        ur1_0.id,
        ur1_0.created_at,
        ur1_0.created_by,
        ur1_0.role_id,
        r1_0.id,
        r1_0.created_at,
        r1_0.created_by,
        r1_0.role_name,
        r1_0.updated_at,
        r1_0.updated_by,
        ur1_0.updated_at,
        ur1_0.updated_by 
    from
        user_roles ur1_0 
    left join
        roles r1_0 
            on r1_0.id=ur1_0.role_id 
    where
        ur1_0.user_id=?
Hibernate: 
    select
        count(n1_0.id) 
    from
        notifications n1_0 
    where
        n1_0.company_id=? 
        and n1_0.is_deleted=false 
        and n1_0.is_read=false 
        and (
            n1_0.target_user_id=? 
            or (
                n1_0.target_role in (?) 
                and n1_0.target_user_id is null
            )
        )
Hibernate: 
    select
        u1_0.id,
        u1_0.created_at,
        u1_0.created_by,
        u1_0.email,
        u1_0.enabled,
        u1_0.password_hash,
        u1_0.updated_at,
        u1_0.updated_by,
        u1_0.username 
    from
        users u1_0 
    where
        u1_0.username=? 
        or u1_0.email=?
Hibernate: 
    select
        ur1_0.user_id,
        ur1_0.id,
        ur1_0.created_at,
        ur1_0.created_by,
        ur1_0.role_id,
        r1_0.id,
        r1_0.created_at,
        r1_0.created_by,
        r1_0.role_name,
        r1_0.updated_at,
        r1_0.updated_by,
        ur1_0.updated_at,
        ur1_0.updated_by 
    from
        user_roles ur1_0 
    left join
        roles r1_0 
            on r1_0.id=ur1_0.role_id 
    where
        ur1_0.user_id=?
Hibernate: 
    select
        count(n1_0.id) 
    from
        notifications n1_0 
    where
        n1_0.company_id=? 
        and n1_0.is_deleted=false 
        and n1_0.is_read=false 
        and (
            n1_0.target_user_id=? 
            or (
                n1_0.target_role in (?) 
                and n1_0.target_user_id is null
            )
        )
[ERROR] Failed to execute goal org.springframework.boot:spring-boot-maven-plugin:3.2.4:run (default-cli) on project project: Process terminated with exit code: -1 -> [Help 1]
[ERROR] 
[ERROR] To see the full stack trace of the errors, re-run Maven with the -e switch.
[ERROR] Re-run Maven using the -X switch to enable full debug logging.
[ERROR] 
[ERROR] For more information about the errors and possible solutions, please read the following articles:
[ERROR] [Help 1] http://cwiki.apache.org/confluence/display/MAVEN/MojoExecutionException
